/*      Create (other) Platform_Users        */
INSERT INTO Platform_User (email, username, password, is_admin) VALUES ('manthama@sina.com.cn', 'njankiewicza', 'WNByQlZb0', false);
INSERT INTO Platform_User (email, username, password, is_admin) VALUES ('mvamplusb@usa.gov', 'mtresvinab', 'DGeMBS2jwmPz', false);
INSERT INTO Platform_User (email, username, password, is_admin) VALUES ('cclevelandc@engadget.com', 'bwhorltonc', 'bMtj8G', false);
INSERT INTO Platform_User (email, username, password, is_admin) VALUES ('mdecortd@soundcloud.com', 'ctoursd', 'nUyPdA', false);
INSERT INTO Platform_User (email, username, password, is_admin) VALUES ('tchristole@nationalgeographic.com', 'wkeppe', 'kIycAEK', false);
INSERT INTO Platform_User (email, username, password, is_admin) VALUES ('ttennantf@vinaora.com', 'lphilipartf', 'c4iqtq', false);
INSERT INTO Platform_User (email, username, password, is_admin) VALUES ('bmordyg@csmonitor.com', 'ghafnerg', 'PJrXrzL', false);
INSERT INTO Platform_User (email, username, password, is_admin) VALUES ('galltimesh@merriam-webster.com', 'akelsonh', '5UqasU07', false);
INSERT INTO Platform_User (email, username, password, is_admin) VALUES ('jcruddasi@issuu.com', 'loheaneyi', 'wLxW7Orhw', false);
INSERT INTO Platform_User (email, username, password, is_admin) VALUES ('rpickthallj@tamu.edu', 'hhearnahj', 'NEd8cgrvaB4', false);
INSERT INTO Platform_User (email, username, password, is_admin) VALUES ('cbalesk@gov.uk', 'asandk', 'pxnthmLkD', false);
INSERT INTO Platform_User (email, username, password, is_admin) VALUES ('mtrumperl@moonfruit.com', 'tcyphusl', 'yfkIwYvSv', false);
INSERT INTO Platform_User (email, username, password, is_admin) VALUES ('lluetym@blogs.com', 'jleadbeatterm', 'egnplRcL2AXk', false);
INSERT INTO Platform_User (email, username, password, is_admin) VALUES ('causiellon@cocolog-nifty.com', 'ithulbornn', 'HgxacQIthP', false);
INSERT INTO Platform_User (email, username, password, is_admin) VALUES ('bshillso@thetimes.co.uk', 'dmaevelao', '0KYHIrw', false);
INSERT INTO Platform_User (email, username, password, is_admin) VALUES ('ballstonp@macromedia.com', 'tcastelowp', 'NGUVf182BdS', false);
INSERT INTO Platform_User (email, username, password, is_admin) VALUES ('blougheedq@time.com', 'bmacaskieq', 'ozxEIwdxnO7', false);
INSERT INTO Platform_User (email, username, password, is_admin) VALUES ('ohaggatar@nbcnews.com', 'maxbyr', 'FlO6ZLR3fNm', false);
INSERT INTO Platform_User (email, username, password, is_admin) VALUES ('htoffanellis@whitehouse.gov', 'aferrarinis', 'DMiAUjAjN3', false);
INSERT INTO Platform_User (email, username, password, is_admin) VALUES ('mmallordt@pcworld.com', 'jkiggelt', '3IHtUHik8R', false);
INSERT INTO Platform_User (email, username, password, is_admin) VALUES ('gcrepinu@xing.com', 'ssowerbuttsu', '1FiF81bB4j', false);
INSERT INTO Platform_User (email, username, password, is_admin) VALUES ('nglowaczv@freewebs.com', 'bmesshamv', 'tvnTudBN', false);
INSERT INTO Platform_User (email, username, password, is_admin) VALUES ('smessrutherw@disqus.com', 'acragheadw', '2PBUiU', false);
INSERT INTO Platform_User (email, username, password, is_admin) VALUES ('mtoyerx@miitbeian.gov.cn', 'belgiex', 'jg6wWSePOZCp', false);
INSERT INTO Platform_User (email, username, password, is_admin) VALUES ('kreesony@sourceforge.net', 'sabely', 'MkP3jM', false);
INSERT INTO Platform_User (email, username, password, is_admin) VALUES ('pbeedlez@uiuc.edu', 'ogrinstedz', 'EMntgzOYA', false);
INSERT INTO Platform_User (email, username, password, is_admin) VALUES ('btreleven10@booking.com', 'cbyrkmyr10', 'ykalHQ7LM', false);
INSERT INTO Platform_User (email, username, password, is_admin) VALUES ('hklambt11@etsy.com', 'kdone11', 'c45ChDfcfmyy', false);
INSERT INTO Platform_User (email, username, password, is_admin) VALUES ('rjacobbe12@is.gd', 'shallowes12', 'v9tpxNiO6M', false);
INSERT INTO Platform_User (email, username, password, is_admin) VALUES ('rstancer13@xrea.com', 'kjeffryes13', 'h3Susil60XKn', false);
INSERT INTO Platform_User (email, username, password, is_admin) VALUES ('bcavee14@chron.com', 'mtilling14', 'akTWF99swa', false);
INSERT INTO Platform_User (email, username, password, is_admin) VALUES ('gmccloud15@fema.gov', 'aatyea15', 'VYGeVXEvJA', false);
INSERT INTO Platform_User (email, username, password, is_admin) VALUES ('agargett16@oakley.com', 'mwison16', 'Cu5y2Gin', false);
INSERT INTO Platform_User (email, username, password, is_admin) VALUES ('zrobak17@purevolume.com', 'tlesaunier17', 'CYX7TfYA3Zc', false);
INSERT INTO Platform_User (email, username, password, is_admin) VALUES ('dcawley18@cafepress.com', 'rrehme18', 'wOxLwNSImY', false);
INSERT INTO Platform_User (email, username, password, is_admin) VALUES ('ndanilenko19@ehow.com', 'ddrews19', '6HzmRdj', false);
INSERT INTO Platform_User (email, username, password, is_admin) VALUES ('rbehneke1a@phoca.cz', 'sgipp1a', 'IuXOgxeUEyzt', false);
INSERT INTO Platform_User (email, username, password, is_admin) VALUES ('bwalduck1b@shutterfly.com', 'rmulhall1b', 'UdS4IdlnK', false);
INSERT INTO Platform_User (email, username, password, is_admin) VALUES ('jrehor1c@buzzfeed.com', 'cblaskett1c', 'wRCuFWFH', false);
INSERT INTO Platform_User (email, username, password, is_admin) VALUES ('rbonn1d@businessweek.com', 'pmelley1d', '4yXwcwkJXW', false);
INSERT INTO Platform_User (email, username, password, is_admin) VALUES ('rcherryholme1e@msn.com', 'glindhe1e', 'xSVmtp', false);
INSERT INTO Platform_User (email, username, password, is_admin) VALUES ('bofford1f@surveymonkey.com', 'gelnor1f', 'Ke1lqN', false);
INSERT INTO Platform_User (email, username, password, is_admin) VALUES ('rkennifick1g@usa.gov', 'fcourtman1g', 'aaIEiwIgoCwn', false);
INSERT INTO Platform_User (email, username, password, is_admin) VALUES ('apointon1h@fda.gov', 'bmillwater1h', 'nBU26TMUihd', false);
INSERT INTO Platform_User (email, username, password, is_admin) VALUES ('ecomfort1i@usatoday.com', 'dcraigmile1i', 'dHL5inA', false);
INSERT INTO Platform_User (email, username, password, is_admin) VALUES ('gblueman1j@prlog.org', 'rkingswold1j', 'J65Z5vnvWRNh', false);
INSERT INTO Platform_User (email, username, password, is_admin) VALUES ('sflieg1k@google.it', 'apuig1k', '8NW559', false);
INSERT INTO Platform_User (email, username, password, is_admin) VALUES ('kparmer1l@delicious.com', 'bposner1l', 'gTWY77By9Kbt', false);
INSERT INTO Platform_User (email, username, password, is_admin) VALUES ('kbispham1m@answers.com', 'dfaragan1m', 'wF2HyQb', false);
INSERT INTO Platform_User (email, username, password, is_admin) VALUES ('kbrasse1n@cdc.gov', 'bupton1n', 'BizNh9ts', false);
INSERT INTO Platform_User (email, username, password, is_admin) VALUES ('mtollerfield1o@skype.com', 'dkuhlmey1o', 'qken0h', false);
INSERT INTO Platform_User (email, username, password, is_admin) VALUES ('jbygate1p@google.fr', 'cdelahunty1p', 'LArbjclk', false);
INSERT INTO Platform_User (email, username, password, is_admin) VALUES ('eguy1q@exblog.jp', 'crollett1q', 'WnBBXkzCEGFL', false);
INSERT INTO Platform_User (email, username, password, is_admin) VALUES ('ocorsar1r@google.ca', 'mcoldtart1r', 'cmU1Fb', false);
INSERT INTO Platform_User (email, username, password, is_admin) VALUES ('qhelwig1s@msn.com', 'jesbrook1s', 'vglp3E', false);
INSERT INTO Platform_User (email, username, password, is_admin) VALUES ('cvanderhoeven1t@craigslist.org', 'lmalling1t', '1qKFdth3uOk', false);
INSERT INTO Platform_User (email, username, password, is_admin) VALUES ('gmounce1u@wordpress.org', 'msargeant1u', 'jru9z6ypc', false);
INSERT INTO Platform_User (email, username, password, is_admin) VALUES ('jlermit1v@independent.co.uk', 'kbernardot1v', 'N6WviKdr', false);
INSERT INTO Platform_User (email, username, password, is_admin) VALUES ('kgoldsbury1w@odnoklassniki.ru', 'gcuthbert1w', 'WayWi2lk', false);
INSERT INTO Platform_User (email, username, password, is_admin) VALUES ('aboatswain1x@zdnet.com', 'rbarlow1x', 'Z5jcrRk3Llo', false);
INSERT INTO Platform_User (email, username, password, is_admin) VALUES ('nrawsthorne1y@about.com', 'frobilart1y', 'uiLJqXMYV', false);
INSERT INTO Platform_User (email, username, password, is_admin) VALUES ('ddeans1z@ucoz.com', 'nfri1z', '1nxp2lyw7UWt', false);
INSERT INTO Platform_User (email, username, password, is_admin) VALUES ('cshuker20@tiny.cc', 'sedy20', '1YqinOM8ucJe', false);
INSERT INTO Platform_User (email, username, password, is_admin) VALUES ('gstuddard21@scientificamerican.com', 'mdyball21', 'fCFP1th34AfD', false);
INSERT INTO Platform_User (email, username, password, is_admin) VALUES ('lmeus22@mediafire.com', 'icowmeadow22', 's0nUHeFDeO', false);
INSERT INTO Platform_User (email, username, password, is_admin) VALUES ('wbrik23@sogou.com', 'fmcgirl23', 'ulM42b', false);
INSERT INTO Platform_User (email, username, password, is_admin) VALUES ('gshadrack24@networkadvertising.org', 'aroja24', 'f1TVM5vNS', false);
INSERT INTO Platform_User (email, username, password, is_admin) VALUES ('pmackegg25@sourceforge.net', 'wnunn25', 'WVhEKIdkjV', false);
INSERT INTO Platform_User (email, username, password, is_admin) VALUES ('acosbey26@scribd.com', 'morred26', 'f1b4Gb', false);
INSERT INTO Platform_User (email, username, password, is_admin) VALUES ('bfenney27@weather.com', 'dveracruysse27', 'rDQL5b63W', false);
INSERT INTO Platform_User (email, username, password, is_admin) VALUES ('sremer28@tinypic.com', 'mstearley28', 'HJSoZg8fmY', false);
INSERT INTO Platform_User (email, username, password, is_admin) VALUES ('cwrettum29@technorati.com', 'lteenan29', 'sBGYdL9', false);
INSERT INTO Platform_User (email, username, password, is_admin) VALUES ('tbuckell2a@time.com', 'mtamlett2a', 'apKQgX', false);
INSERT INTO Platform_User (email, username, password, is_admin) VALUES ('emenloe2b@google.com.hk', 'lmechem2b', '1FP3C7', false);
INSERT INTO Platform_User (email, username, password, is_admin) VALUES ('gmacveigh2c@google.de', 'gbirdsey2c', 'yAWK9aC', false);
INSERT INTO Platform_User (email, username, password, is_admin) VALUES ('iandryushchenko2d@un.org', 'kheal2d', 'IUwAORUvo', false);
INSERT INTO Platform_User (email, username, password, is_admin) VALUES ('zmerrifield2e@plala.or.jp', 'sateridge2e', 'rG8txr4nL', false);
INSERT INTO Platform_User (email, username, password, is_admin) VALUES ('jagate2f@craigslist.org', 'cmcquode2f', '4zjZP6rgRjru', false);
INSERT INTO Platform_User (email, username, password, is_admin) VALUES ('rkadar2g@csmonitor.com', 'rcapener2g', 'lKXmnkcm5jVt', false);
INSERT INTO Platform_User (email, username, password, is_admin) VALUES ('stest2h@google.es', 'zcallister2h', 'mFg6OWBwO6PT', false);
INSERT INTO Platform_User (email, username, password, is_admin) VALUES ('cbloodworthe2i@meetup.com', 'lbemlott2i', 'SiavBGBXocj', false);
INSERT INTO Platform_User (email, username, password, is_admin) VALUES ('cmortimer2j@archive.org', 'etivnan2j', 'Sd6fcF1WVM', false);
INSERT INTO Platform_User (email, username, password, is_admin) VALUES ('gdraper2k@dion.ne.jp', 'ksoares2k', 'DOaNnYw', false);
INSERT INTO Platform_User (email, username, password, is_admin) VALUES ('lkees2l@hatena.ne.jp', 'vchrisp2l', 'UtENDC', false);
INSERT INTO Platform_User (email, username, password, is_admin) VALUES ('fhaines2m@zimbio.com', 'ehaukey2m', 's9KEdw', false);
INSERT INTO Platform_User (email, username, password, is_admin) VALUES ('fwhicher2n@oracle.com', 'lmaberley2n', 'Rk1MCAsFXpjp', false);
INSERT INTO Platform_User (email, username, password, is_admin) VALUES ('lkingswell2o@mashable.com', 'csmurthwaite2o', 'OKBjwPza6pT', false);
INSERT INTO Platform_User (email, username, password, is_admin) VALUES ('apiggrem2p@hhs.gov', 'etompkinson2p', 'UUgSSPW2nuO', false);
INSERT INTO Platform_User (email, username, password, is_admin) VALUES ('kstoller2q@qq.com', 'svasentsov2q', 'CSg95x7', false);
INSERT INTO Platform_User (email, username, password, is_admin) VALUES ('anoriega2r@yale.edu', 'cashmole2r', 'lnvhHH7IvAZ', false);

/*      Create (other) Participants     */
INSERT INTO Participant (participant_id, postal_code, region, registered) VALUES (11, 6706, 4, '2020-10-11 22:23:06');
INSERT INTO Participant (participant_id, postal_code, region, registered) VALUES (12, 6707, 6, '2020-07-20 16:06:19');
INSERT INTO Participant (participant_id, postal_code, region, registered) VALUES (13, 6752, 3, '2020-06-29 04:45:10');
INSERT INTO Participant (participant_id, postal_code, region, registered) VALUES (14, 6733, 6, '2021-08-27 00:45:27');
INSERT INTO Participant (participant_id, postal_code, region, registered) VALUES (15, 6793, 8, '2023-04-07 01:44:07');
INSERT INTO Participant (participant_id, postal_code, region, registered) VALUES (16, 6751, 5, '2020-06-03 07:59:08');
INSERT INTO Participant (participant_id, postal_code, region, registered) VALUES (17, 6754, 4, '2022-07-11 10:48:37');
INSERT INTO Participant (participant_id, postal_code, region, registered) VALUES (18, 6764, 8, '2020-06-27 14:46:42');
INSERT INTO Participant (participant_id, postal_code, region, registered) VALUES (19, 6700, 4, '2021-02-09 07:24:56');
INSERT INTO Participant (participant_id, postal_code, region, registered) VALUES (20, 6713, 8, '2020-03-18 12:05:21');
INSERT INTO Participant (participant_id, postal_code, region, registered) VALUES (21, 6710, 4, '2021-04-17 11:43:49');
INSERT INTO Participant (participant_id, postal_code, region, registered) VALUES (22, 6714, 4, '2020-05-20 15:26:08');
INSERT INTO Participant (participant_id, postal_code, region, registered) VALUES (23, 6741, 7, '2021-02-23 06:33:30');
INSERT INTO Participant (participant_id, postal_code, region, registered) VALUES (24, 6771, 4, '2020-10-10 22:59:09');
INSERT INTO Participant (participant_id, postal_code, region, registered) VALUES (25, 6791, 3, '2021-12-29 17:41:42');
INSERT INTO Participant (participant_id, postal_code, region, registered) VALUES (26, 6722, 7, '2022-07-18 11:55:31');
INSERT INTO Participant (participant_id, postal_code, region, registered) VALUES (27, 6780, 3, '2022-04-24 05:19:21');
INSERT INTO Participant (participant_id, postal_code, region, registered) VALUES (28, 6782, 2, '2022-01-28 10:47:43');
INSERT INTO Participant (participant_id, postal_code, region, registered) VALUES (29, 6731, 7, '2020-09-24 13:03:18');
INSERT INTO Participant (participant_id, postal_code, region, registered) VALUES (30, 6700, 1, '2023-01-21 04:20:58');
INSERT INTO Participant (participant_id, postal_code, region, registered) VALUES (31, 6712, 4, '2022-11-26 13:19:10');
INSERT INTO Participant (participant_id, postal_code, region, registered) VALUES (32, 6721, 4, '2022-11-28 05:21:01');
INSERT INTO Participant (participant_id, postal_code, region, registered) VALUES (33, 6774, 0, '2022-11-05 15:36:05');
INSERT INTO Participant (participant_id, postal_code, region, registered) VALUES (34, 6773, 6, '2022-07-01 06:44:46');
INSERT INTO Participant (participant_id, postal_code, region, registered) VALUES (35, 6861, 7, '2020-02-18 09:06:00');
INSERT INTO Participant (participant_id, postal_code, region, registered) VALUES (36, 6866, 4, '2021-04-02 04:36:50');
INSERT INTO Participant (participant_id, postal_code, region, registered) VALUES (37, 6883, 0, '2022-05-16 05:21:26');
INSERT INTO Participant (participant_id, postal_code, region, registered) VALUES (38, 6870, 4, '2022-12-07 14:00:53');
INSERT INTO Participant (participant_id, postal_code, region, registered) VALUES (39, 6858, 2, '2022-10-20 15:31:27');
INSERT INTO Participant (participant_id, postal_code, region, registered) VALUES (40, 6874, 8, '2022-05-10 23:20:37');
INSERT INTO Participant (participant_id, postal_code, region, registered) VALUES (41, 6900, 3, '2022-11-06 15:21:48');
INSERT INTO Participant (participant_id, postal_code, region, registered) VALUES (42, 6960, 1, '2020-09-22 13:55:24');
INSERT INTO Participant (participant_id, postal_code, region, registered) VALUES (43, 6884, 8, '2022-09-20 16:40:09');
INSERT INTO Participant (participant_id, postal_code, region, registered) VALUES (44, 6933, 5, '2021-03-13 18:59:39');
INSERT INTO Participant (participant_id, postal_code, region, registered) VALUES (45, 6863, 5, '2021-03-15 10:30:14');
INSERT INTO Participant (participant_id, postal_code, region, registered) VALUES (46, 6911, 4, '2020-01-05 21:00:38');
INSERT INTO Participant (participant_id, postal_code, region, registered) VALUES (47, 6972, 0, '2022-01-09 08:24:47');
INSERT INTO Participant (participant_id, postal_code, region, registered) VALUES (48, 6974, 3, '2021-07-07 23:49:37');
INSERT INTO Participant (participant_id, postal_code, region, registered) VALUES (49, 6971, 7, '2022-12-21 08:09:41');
INSERT INTO Participant (participant_id, postal_code, region, registered) VALUES (50, 6952, 1, '2022-11-27 16:04:14');
INSERT INTO Participant (participant_id, postal_code, region, registered) VALUES (51, 6973, 7, '2021-07-30 05:52:14');
INSERT INTO Participant (participant_id, postal_code, region, registered) VALUES (52, 6912, 7, '2023-01-01 07:15:53');
INSERT INTO Participant (participant_id, postal_code, region, registered) VALUES (53, 6914, 5, '2020-01-02 06:53:33');
INSERT INTO Participant (participant_id, postal_code, region, registered) VALUES (54, 6921, 5, '2021-07-17 21:57:09');
INSERT INTO Participant (participant_id, postal_code, region, registered) VALUES (55, 6942, 5, '2022-12-07 06:11:17');
INSERT INTO Participant (participant_id, postal_code, region, registered) VALUES (56, 6932, 5, '2022-11-06 22:15:13');
INSERT INTO Participant (participant_id, postal_code, region, registered) VALUES (57, 6941, 3, '2022-12-27 03:10:52');
INSERT INTO Participant (participant_id, postal_code, region, registered) VALUES (58, 6923, 6, '2021-07-29 04:14:47');
INSERT INTO Participant (participant_id, postal_code, region, registered) VALUES (59, 6951, 3, '2021-04-05 10:35:17');
INSERT INTO Participant (participant_id, postal_code, region, registered) VALUES (60, 6911, 7, '2023-01-15 17:16:37');
INSERT INTO Participant (participant_id, postal_code, region, registered) VALUES (61, 6881, 3, '2020-02-02 16:18:31');
INSERT INTO Participant (participant_id, postal_code, region, registered) VALUES (62, 6991, 7, '2021-12-03 23:01:28');
INSERT INTO Participant (participant_id, postal_code, region, registered) VALUES (63, 6900, 8, '2021-07-08 05:38:24');
INSERT INTO Participant (participant_id, postal_code, region, registered) VALUES (64, 6870, 5, '2020-07-06 00:04:18');
INSERT INTO Participant (participant_id, postal_code, region, registered) VALUES (65, 6943, 5, '2021-07-25 02:00:25');
INSERT INTO Participant (participant_id, postal_code, region, registered) VALUES (66, 6882, 3, '2021-07-25 05:20:39');
INSERT INTO Participant (participant_id, postal_code, region, registered) VALUES (67, 6886, 1, '2021-02-07 00:59:38');
INSERT INTO Participant (participant_id, postal_code, region, registered) VALUES (68, 6888, 1, '2021-06-05 08:28:59');
INSERT INTO Participant (participant_id, postal_code, region, registered) VALUES (69, 6858, 4, '2020-09-04 14:18:08');
INSERT INTO Participant (participant_id, postal_code, region, registered) VALUES (70, 6867, 5, '2020-11-08 22:03:28');
INSERT INTO Participant (participant_id, postal_code, region, registered) VALUES (71, 6952, 2, '2020-08-01 02:23:17');
INSERT INTO Participant (participant_id, postal_code, region, registered) VALUES (72, 6934, 4, '2020-01-06 13:42:25');
INSERT INTO Participant (participant_id, postal_code, region, registered) VALUES (73, 6767, 7, '2021-08-05 08:01:47');
INSERT INTO Participant (participant_id, postal_code, region, registered) VALUES (74, 6922, 3, '2022-09-23 12:14:08');
INSERT INTO Participant (participant_id, postal_code, region, registered) VALUES (75, 6850, 1, '2022-04-02 07:33:34');
INSERT INTO Participant (participant_id, postal_code, region, registered) VALUES (76, 6845, 5, '2022-11-12 16:38:07');
INSERT INTO Participant (participant_id, postal_code, region, registered) VALUES (77, 6890, 6, '2020-11-25 02:25:57');
INSERT INTO Participant (participant_id, postal_code, region, registered) VALUES (78, 6844, 0, '2022-04-06 16:31:17');
INSERT INTO Participant (participant_id, postal_code, region, registered) VALUES (79, 6822, 2, '2022-04-17 12:34:25');
INSERT INTO Participant (participant_id, postal_code, region, registered) VALUES (80, 6822, 0, '2020-11-08 09:33:18');
INSERT INTO Participant (participant_id, postal_code, region, registered) VALUES (81, 6800, 6, '2022-10-24 18:34:47');
INSERT INTO Participant (participant_id, postal_code, region, registered) VALUES (82, 6820, 6, '2021-03-31 04:28:22');
INSERT INTO Participant (participant_id, postal_code, region, registered) VALUES (83, 6833, 6, '2021-06-24 07:09:17');
INSERT INTO Participant (participant_id, postal_code, region, registered) VALUES (84, 6811, 0, '2021-07-31 05:44:28');
INSERT INTO Participant (participant_id, postal_code, region, registered) VALUES (85, 6840, 7, '2020-03-01 15:13:55');
INSERT INTO Participant (participant_id, postal_code, region, registered) VALUES (86, 6833, 7, '2023-02-25 17:20:58');
INSERT INTO Participant (participant_id, postal_code, region, registered) VALUES (87, 6842, 2, '2021-05-07 03:19:16');
INSERT INTO Participant (participant_id, postal_code, region, registered) VALUES (88, 6830, 3, '2020-09-17 23:23:38');
INSERT INTO Participant (participant_id, postal_code, region, registered) VALUES (89, 6841, 3, '2022-02-11 11:20:58');
INSERT INTO Participant (participant_id, postal_code, region, registered) VALUES (90, 6812, 8, '2021-11-27 00:16:53');
INSERT INTO Participant (participant_id, postal_code, region, registered) VALUES (91, 6830, 0, '2021-07-18 21:41:35');
INSERT INTO Participant (participant_id, postal_code, region, registered) VALUES (92, 6822, 6, '2020-08-07 09:32:07');
INSERT INTO Participant (participant_id, postal_code, region, registered) VALUES (93, 6832, 8, '2022-04-02 16:27:18');
INSERT INTO Participant (participant_id, postal_code, region, registered) VALUES (94, 6822, 1, '2022-01-13 14:20:13');
INSERT INTO Participant (participant_id, postal_code, region, registered) VALUES (95, 6824, 8, '2022-11-29 16:38:02');
INSERT INTO Participant (participant_id, postal_code, region, registered) VALUES (96, 6822, 5, '2023-03-20 11:36:56');
INSERT INTO Participant (participant_id, postal_code, region, registered) VALUES (97, 6832, 8, '2021-09-05 20:12:33');
INSERT INTO Participant (participant_id, postal_code, region, registered) VALUES (98, 6834, 2, '2020-11-08 17:43:53');
INSERT INTO Participant (participant_id, postal_code, region, registered) VALUES (99, 6836, 5, '2020-08-06 09:55:41');
INSERT INTO Participant (participant_id, postal_code, region, registered) VALUES (100,6833, 8, '2021-11-10 19:40:57');
/*      Create League-Participant entries       */
INSERT INTO League_Participants (leagues_id, participants_participant_id) VALUES (9, 7);
INSERT INTO League_Participants (leagues_id, participants_participant_id) VALUES (1, 8);
INSERT INTO League_Participants (leagues_id, participants_participant_id) VALUES (8, 9);
INSERT INTO League_Participants (leagues_id, participants_participant_id) VALUES (6, 10);
INSERT INTO League_Participants (leagues_id, participants_participant_id) VALUES (6, 11);
INSERT INTO League_Participants (leagues_id, participants_participant_id) VALUES (4, 12);
INSERT INTO League_Participants (leagues_id, participants_participant_id) VALUES (9, 13);
INSERT INTO League_Participants (leagues_id, participants_participant_id) VALUES (4, 14);
INSERT INTO League_Participants (leagues_id, participants_participant_id) VALUES (4, 15);
INSERT INTO League_Participants (leagues_id, participants_participant_id) VALUES (3, 16);
INSERT INTO League_Participants (leagues_id, participants_participant_id) VALUES (2, 17);
INSERT INTO League_Participants (leagues_id, participants_participant_id) VALUES (2, 18);
INSERT INTO League_Participants (leagues_id, participants_participant_id) VALUES (3, 19);
INSERT INTO League_Participants (leagues_id, participants_participant_id) VALUES (2, 20);
INSERT INTO League_Participants (leagues_id, participants_participant_id) VALUES (2, 21);
INSERT INTO League_Participants (leagues_id, participants_participant_id) VALUES (4, 22);
INSERT INTO League_Participants (leagues_id, participants_participant_id) VALUES (9, 23);
INSERT INTO League_Participants (leagues_id, participants_participant_id) VALUES (2, 24);
INSERT INTO League_Participants (leagues_id, participants_participant_id) VALUES (1, 25);
INSERT INTO League_Participants (leagues_id, participants_participant_id) VALUES (3, 26);
INSERT INTO League_Participants (leagues_id, participants_participant_id) VALUES (9, 27);
INSERT INTO League_Participants (leagues_id, participants_participant_id) VALUES (3, 28);
INSERT INTO League_Participants (leagues_id, participants_participant_id) VALUES (5, 29);
INSERT INTO League_Participants (leagues_id, participants_participant_id) VALUES (3, 30);
INSERT INTO League_Participants (leagues_id, participants_participant_id) VALUES (7, 31);
INSERT INTO League_Participants (leagues_id, participants_participant_id) VALUES (4, 32);
INSERT INTO League_Participants (leagues_id, participants_participant_id) VALUES (2, 33);
INSERT INTO League_Participants (leagues_id, participants_participant_id) VALUES (1, 34);
INSERT INTO League_Participants (leagues_id, participants_participant_id) VALUES (1, 35);
INSERT INTO League_Participants (leagues_id, participants_participant_id) VALUES (3, 36);
INSERT INTO League_Participants (leagues_id, participants_participant_id) VALUES (1, 37);
INSERT INTO League_Participants (leagues_id, participants_participant_id) VALUES (4, 38);
INSERT INTO League_Participants (leagues_id, participants_participant_id) VALUES (8, 39);
INSERT INTO League_Participants (leagues_id, participants_participant_id) VALUES (1, 40);
INSERT INTO League_Participants (leagues_id, participants_participant_id) VALUES (4, 41);
INSERT INTO League_Participants (leagues_id, participants_participant_id) VALUES (8, 42);
INSERT INTO League_Participants (leagues_id, participants_participant_id) VALUES (8, 43);
INSERT INTO League_Participants (leagues_id, participants_participant_id) VALUES (2, 44);
INSERT INTO League_Participants (leagues_id, participants_participant_id) VALUES (3, 45);
INSERT INTO League_Participants (leagues_id, participants_participant_id) VALUES (5, 46);
INSERT INTO League_Participants (leagues_id, participants_participant_id) VALUES (6, 47);
INSERT INTO League_Participants (leagues_id, participants_participant_id) VALUES (6, 48);
INSERT INTO League_Participants (leagues_id, participants_participant_id) VALUES (2, 49);
INSERT INTO League_Participants (leagues_id, participants_participant_id) VALUES (1, 50);
INSERT INTO League_Participants (leagues_id, participants_participant_id) VALUES (1, 51);
INSERT INTO League_Participants (leagues_id, participants_participant_id) VALUES (6, 52);
INSERT INTO League_Participants (leagues_id, participants_participant_id) VALUES (6, 53);
INSERT INTO League_Participants (leagues_id, participants_participant_id) VALUES (9, 54);
INSERT INTO League_Participants (leagues_id, participants_participant_id) VALUES (2, 55);
INSERT INTO League_Participants (leagues_id, participants_participant_id) VALUES (2, 56);
INSERT INTO League_Participants (leagues_id, participants_participant_id) VALUES (7, 57);
INSERT INTO League_Participants (leagues_id, participants_participant_id) VALUES (4, 58);
INSERT INTO League_Participants (leagues_id, participants_participant_id) VALUES (9, 59);
INSERT INTO League_Participants (leagues_id, participants_participant_id) VALUES (9, 60);
INSERT INTO League_Participants (leagues_id, participants_participant_id) VALUES (5, 61);
INSERT INTO League_Participants (leagues_id, participants_participant_id) VALUES (5, 62);
INSERT INTO League_Participants (leagues_id, participants_participant_id) VALUES (2, 63);
INSERT INTO League_Participants (leagues_id, participants_participant_id) VALUES (1, 64);
INSERT INTO League_Participants (leagues_id, participants_participant_id) VALUES (8, 65);
INSERT INTO League_Participants (leagues_id, participants_participant_id) VALUES (7, 66);
INSERT INTO League_Participants (leagues_id, participants_participant_id) VALUES (7, 67);
INSERT INTO League_Participants (leagues_id, participants_participant_id) VALUES (4, 68);
INSERT INTO League_Participants (leagues_id, participants_participant_id) VALUES (8, 69);
INSERT INTO League_Participants (leagues_id, participants_participant_id) VALUES (5, 70);
INSERT INTO League_Participants (leagues_id, participants_participant_id) VALUES (6, 71);
INSERT INTO League_Participants (leagues_id, participants_participant_id) VALUES (1, 72);
INSERT INTO League_Participants (leagues_id, participants_participant_id) VALUES (8, 73);
INSERT INTO League_Participants (leagues_id, participants_participant_id) VALUES (2, 74);
INSERT INTO League_Participants (leagues_id, participants_participant_id) VALUES (3, 75);
INSERT INTO League_Participants (leagues_id, participants_participant_id) VALUES (5, 76);
INSERT INTO League_Participants (leagues_id, participants_participant_id) VALUES (9, 77);
INSERT INTO League_Participants (leagues_id, participants_participant_id) VALUES (9, 78);
INSERT INTO League_Participants (leagues_id, participants_participant_id) VALUES (6, 79);
INSERT INTO League_Participants (leagues_id, participants_participant_id) VALUES (2, 80);
INSERT INTO League_Participants (leagues_id, participants_participant_id) VALUES (5, 81);
INSERT INTO League_Participants (leagues_id, participants_participant_id) VALUES (7, 82);
INSERT INTO League_Participants (leagues_id, participants_participant_id) VALUES (9, 83);
INSERT INTO League_Participants (leagues_id, participants_participant_id) VALUES (6, 84);
INSERT INTO League_Participants (leagues_id, participants_participant_id) VALUES (1, 85);
INSERT INTO League_Participants (leagues_id, participants_participant_id) VALUES (2, 86);
INSERT INTO League_Participants (leagues_id, participants_participant_id) VALUES (2, 87);
INSERT INTO League_Participants (leagues_id, participants_participant_id) VALUES (5, 88);
INSERT INTO League_Participants (leagues_id, participants_participant_id) VALUES (7, 89);
INSERT INTO League_Participants (leagues_id, participants_participant_id) VALUES (4, 90);
INSERT INTO League_Participants (leagues_id, participants_participant_id) VALUES (2, 91);
INSERT INTO League_Participants (leagues_id, participants_participant_id) VALUES (9, 92);
INSERT INTO League_Participants (leagues_id, participants_participant_id) VALUES (3, 93);
INSERT INTO League_Participants (leagues_id, participants_participant_id) VALUES (9, 94);
INSERT INTO League_Participants (leagues_id, participants_participant_id) VALUES (4, 95);
INSERT INTO League_Participants (leagues_id, participants_participant_id) VALUES (2, 96);
INSERT INTO League_Participants (leagues_id, participants_participant_id) VALUES (2, 97);
INSERT INTO League_Participants (leagues_id, participants_participant_id) VALUES (7, 98);
INSERT INTO League_Participants (leagues_id, participants_participant_id) VALUES (8, 99);
INSERT INTO League_Participants (leagues_id, participants_participant_id) VALUES (5, 100);

/*      Create Upvotes      */
INSERT INTO Participant_Submission_Vote (submission_id, participant_participant_id, is_upvote) VALUES (1, 8, true);
INSERT INTO Participant_Submission_Vote (submission_id, participant_participant_id, is_upvote) VALUES (1, 25, true);
INSERT INTO Participant_Submission_Vote (submission_id, participant_participant_id, is_upvote) VALUES (1, 34, false);
