/*      Create (other) Platform_Users        */
INSERT INTO Platform_User (email, username, password, is_admin) VALUES ('manthama@sina.com.cn', 'njankiewicza', 'WNByQlZb0', false);
INSERT INTO Platform_User (email, username, password, is_admin) VALUES ('mvamplusb@usa.gov', 'mtresvinab', 'DGeMBS2jwmPz', false);
INSERT INTO Platform_User (email, username, password, is_admin) VALUES ('cclevelandc@engadget.com', 'bwhorltonc', 'bMtj8G', false);
INSERT INTO Platform_User (email, username, password, is_admin) VALUES ('mdecortd@soundcloud.com', 'ctoursd', 'nUyPdA', false);
INSERT INTO Platform_User (email, username, password, is_admin) VALUES ('tchristole@nationalgeographic.com', 'wkeppe', 'kIycAEK', false);
INSERT INTO Platform_User (email, username, password, is_admin) VALUES ('ttennantf@vinaora.com', 'lphilipartf', 'c4iqtq', false);
INSERT INTO Platform_User (email, username, password, is_admin) VALUES ('bmordyg@csmonitor.com', 'ghafnerg', 'PJrXrzL', false);
INSERT INTO Platform_User (email, username, password, is_admin) VALUES ('galltimesh@merriam-webster.com', 'akelsonh', '5UqasU07', false);
INSERT INTO Platform_User (email, username, password, is_admin) VALUES ('jcruddasi@issuu.com', 'loheaneyi', 'wLxW7Orhw', false);
INSERT INTO Platform_User (email, username, password, is_admin) VALUES ('rpickthallj@tamu.edu', 'hhearnahj', 'NEd8cgrvaB4', false);
INSERT INTO Platform_User (email, username, password, is_admin) VALUES ('cbalesk@gov.uk', 'asandk', 'pxnthmLkD', false);
INSERT INTO Platform_User (email, username, password, is_admin) VALUES ('mtrumperl@moonfruit.com', 'tcyphusl', 'yfkIwYvSv', false);
INSERT INTO Platform_User (email, username, password, is_admin) VALUES ('lluetym@blogs.com', 'jleadbeatterm', 'egnplRcL2AXk', false);
INSERT INTO Platform_User (email, username, password, is_admin) VALUES ('causiellon@cocolog-nifty.com', 'ithulbornn', 'HgxacQIthP', false);
INSERT INTO Platform_User (email, username, password, is_admin) VALUES ('bshillso@thetimes.co.uk', 'dmaevelao', '0KYHIrw', false);
INSERT INTO Platform_User (email, username, password, is_admin) VALUES ('ballstonp@macromedia.com', 'tcastelowp', 'NGUVf182BdS', false);
INSERT INTO Platform_User (email, username, password, is_admin) VALUES ('blougheedq@time.com', 'bmacaskieq', 'ozxEIwdxnO7', false);
INSERT INTO Platform_User (email, username, password, is_admin) VALUES ('ohaggatar@nbcnews.com', 'maxbyr', 'FlO6ZLR3fNm', false);
INSERT INTO Platform_User (email, username, password, is_admin) VALUES ('htoffanellis@whitehouse.gov', 'aferrarinis', 'DMiAUjAjN3', false);
INSERT INTO Platform_User (email, username, password, is_admin) VALUES ('mmallordt@pcworld.com', 'jkiggelt', '3IHtUHik8R', false);
INSERT INTO Platform_User (email, username, password, is_admin) VALUES ('gcrepinu@xing.com', 'ssowerbuttsu', '1FiF81bB4j', false);
INSERT INTO Platform_User (email, username, password, is_admin) VALUES ('nglowaczv@freewebs.com', 'bmesshamv', 'tvnTudBN', false);
INSERT INTO Platform_User (email, username, password, is_admin) VALUES ('smessrutherw@disqus.com', 'acragheadw', '2PBUiU', false);
INSERT INTO Platform_User (email, username, password, is_admin) VALUES ('mtoyerx@miitbeian.gov.cn', 'belgiex', 'jg6wWSePOZCp', false);
INSERT INTO Platform_User (email, username, password, is_admin) VALUES ('kreesony@sourceforge.net', 'sabely', 'MkP3jM', false);
INSERT INTO Platform_User (email, username, password, is_admin) VALUES ('pbeedlez@uiuc.edu', 'ogrinstedz', 'EMntgzOYA', false);
INSERT INTO Platform_User (email, username, password, is_admin) VALUES ('btreleven10@booking.com', 'cbyrkmyr10', 'ykalHQ7LM', false);
INSERT INTO Platform_User (email, username, password, is_admin) VALUES ('hklambt11@etsy.com', 'kdone11', 'c45ChDfcfmyy', false);
INSERT INTO Platform_User (email, username, password, is_admin) VALUES ('rjacobbe12@is.gd', 'shallowes12', 'v9tpxNiO6M', false);
INSERT INTO Platform_User (email, username, password, is_admin) VALUES ('rstancer13@xrea.com', 'kjeffryes13', 'h3Susil60XKn', false);
INSERT INTO Platform_User (email, username, password, is_admin) VALUES ('bcavee14@chron.com', 'mtilling14', 'akTWF99swa', false);
INSERT INTO Platform_User (email, username, password, is_admin) VALUES ('gmccloud15@fema.gov', 'aatyea15', 'VYGeVXEvJA', false);
INSERT INTO Platform_User (email, username, password, is_admin) VALUES ('agargett16@oakley.com', 'mwison16', 'Cu5y2Gin', false);
INSERT INTO Platform_User (email, username, password, is_admin) VALUES ('zrobak17@purevolume.com', 'tlesaunier17', 'CYX7TfYA3Zc', false);
INSERT INTO Platform_User (email, username, password, is_admin) VALUES ('dcawley18@cafepress.com', 'rrehme18', 'wOxLwNSImY', false);
INSERT INTO Platform_User (email, username, password, is_admin) VALUES ('ndanilenko19@ehow.com', 'ddrews19', '6HzmRdj', false);
INSERT INTO Platform_User (email, username, password, is_admin) VALUES ('rbehneke1a@phoca.cz', 'sgipp1a', 'IuXOgxeUEyzt', false);
INSERT INTO Platform_User (email, username, password, is_admin) VALUES ('bwalduck1b@shutterfly.com', 'rmulhall1b', 'UdS4IdlnK', false);
INSERT INTO Platform_User (email, username, password, is_admin) VALUES ('jrehor1c@buzzfeed.com', 'cblaskett1c', 'wRCuFWFH', false);
INSERT INTO Platform_User (email, username, password, is_admin) VALUES ('rbonn1d@businessweek.com', 'pmelley1d', '4yXwcwkJXW', false);
INSERT INTO Platform_User (email, username, password, is_admin) VALUES ('rcherryholme1e@msn.com', 'glindhe1e', 'xSVmtp', false);
INSERT INTO Platform_User (email, username, password, is_admin) VALUES ('bofford1f@surveymonkey.com', 'gelnor1f', 'Ke1lqN', false);
INSERT INTO Platform_User (email, username, password, is_admin) VALUES ('rkennifick1g@usa.gov', 'fcourtman1g', 'aaIEiwIgoCwn', false);
INSERT INTO Platform_User (email, username, password, is_admin) VALUES ('apointon1h@fda.gov', 'bmillwater1h', 'nBU26TMUihd', false);
INSERT INTO Platform_User (email, username, password, is_admin) VALUES ('ecomfort1i@usatoday.com', 'dcraigmile1i', 'dHL5inA', false);
INSERT INTO Platform_User (email, username, password, is_admin) VALUES ('gblueman1j@prlog.org', 'rkingswold1j', 'J65Z5vnvWRNh', false);
INSERT INTO Platform_User (email, username, password, is_admin) VALUES ('sflieg1k@google.it', 'apuig1k', '8NW559', false);
INSERT INTO Platform_User (email, username, password, is_admin) VALUES ('kparmer1l@delicious.com', 'bposner1l', 'gTWY77By9Kbt', false);
INSERT INTO Platform_User (email, username, password, is_admin) VALUES ('kbispham1m@answers.com', 'dfaragan1m', 'wF2HyQb', false);
INSERT INTO Platform_User (email, username, password, is_admin) VALUES ('kbrasse1n@cdc.gov', 'bupton1n', 'BizNh9ts', false);
INSERT INTO Platform_User (email, username, password, is_admin) VALUES ('mtollerfield1o@skype.com', 'dkuhlmey1o', 'qken0h', false);
INSERT INTO Platform_User (email, username, password, is_admin) VALUES ('jbygate1p@google.fr', 'cdelahunty1p', 'LArbjclk', false);
INSERT INTO Platform_User (email, username, password, is_admin) VALUES ('eguy1q@exblog.jp', 'crollett1q', 'WnBBXkzCEGFL', false);
INSERT INTO Platform_User (email, username, password, is_admin) VALUES ('ocorsar1r@google.ca', 'mcoldtart1r', 'cmU1Fb', false);
INSERT INTO Platform_User (email, username, password, is_admin) VALUES ('qhelwig1s@msn.com', 'jesbrook1s', 'vglp3E', false);
INSERT INTO Platform_User (email, username, password, is_admin) VALUES ('cvanderhoeven1t@craigslist.org', 'lmalling1t', '1qKFdth3uOk', false);
INSERT INTO Platform_User (email, username, password, is_admin) VALUES ('gmounce1u@wordpress.org', 'msargeant1u', 'jru9z6ypc', false);
INSERT INTO Platform_User (email, username, password, is_admin) VALUES ('jlermit1v@independent.co.uk', 'kbernardot1v', 'N6WviKdr', false);
INSERT INTO Platform_User (email, username, password, is_admin) VALUES ('kgoldsbury1w@odnoklassniki.ru', 'gcuthbert1w', 'WayWi2lk', false);
INSERT INTO Platform_User (email, username, password, is_admin) VALUES ('aboatswain1x@zdnet.com', 'rbarlow1x', 'Z5jcrRk3Llo', false);
INSERT INTO Platform_User (email, username, password, is_admin) VALUES ('nrawsthorne1y@about.com', 'frobilart1y', 'uiLJqXMYV', false);
INSERT INTO Platform_User (email, username, password, is_admin) VALUES ('ddeans1z@ucoz.com', 'nfri1z', '1nxp2lyw7UWt', false);
INSERT INTO Platform_User (email, username, password, is_admin) VALUES ('cshuker20@tiny.cc', 'sedy20', '1YqinOM8ucJe', false);
INSERT INTO Platform_User (email, username, password, is_admin) VALUES ('gstuddard21@scientificamerican.com', 'mdyball21', 'fCFP1th34AfD', false);
INSERT INTO Platform_User (email, username, password, is_admin) VALUES ('lmeus22@mediafire.com', 'icowmeadow22', 's0nUHeFDeO', false);
INSERT INTO Platform_User (email, username, password, is_admin) VALUES ('wbrik23@sogou.com', 'fmcgirl23', 'ulM42b', false);
INSERT INTO Platform_User (email, username, password, is_admin) VALUES ('gshadrack24@networkadvertising.org', 'aroja24', 'f1TVM5vNS', false);
INSERT INTO Platform_User (email, username, password, is_admin) VALUES ('pmackegg25@sourceforge.net', 'wnunn25', 'WVhEKIdkjV', false);
INSERT INTO Platform_User (email, username, password, is_admin) VALUES ('acosbey26@scribd.com', 'morred26', 'f1b4Gb', false);
INSERT INTO Platform_User (email, username, password, is_admin) VALUES ('bfenney27@weather.com', 'dveracruysse27', 'rDQL5b63W', false);
INSERT INTO Platform_User (email, username, password, is_admin) VALUES ('sremer28@tinypic.com', 'mstearley28', 'HJSoZg8fmY', false);
INSERT INTO Platform_User (email, username, password, is_admin) VALUES ('cwrettum29@technorati.com', 'lteenan29', 'sBGYdL9', false);
INSERT INTO Platform_User (email, username, password, is_admin) VALUES ('tbuckell2a@time.com', 'mtamlett2a', 'apKQgX', false);
INSERT INTO Platform_User (email, username, password, is_admin) VALUES ('emenloe2b@google.com.hk', 'lmechem2b', '1FP3C7', false);
INSERT INTO Platform_User (email, username, password, is_admin) VALUES ('gmacveigh2c@google.de', 'gbirdsey2c', 'yAWK9aC', false);
INSERT INTO Platform_User (email, username, password, is_admin) VALUES ('iandryushchenko2d@un.org', 'kheal2d', 'IUwAORUvo', false);
INSERT INTO Platform_User (email, username, password, is_admin) VALUES ('zmerrifield2e@plala.or.jp', 'sateridge2e', 'rG8txr4nL', false);
INSERT INTO Platform_User (email, username, password, is_admin) VALUES ('jagate2f@craigslist.org', 'cmcquode2f', '4zjZP6rgRjru', false);
INSERT INTO Platform_User (email, username, password, is_admin) VALUES ('rkadar2g@csmonitor.com', 'rcapener2g', 'lKXmnkcm5jVt', false);
INSERT INTO Platform_User (email, username, password, is_admin) VALUES ('stest2h@google.es', 'zcallister2h', 'mFg6OWBwO6PT', false);
INSERT INTO Platform_User (email, username, password, is_admin) VALUES ('cbloodworthe2i@meetup.com', 'lbemlott2i', 'SiavBGBXocj', false);
INSERT INTO Platform_User (email, username, password, is_admin) VALUES ('cmortimer2j@archive.org', 'etivnan2j', 'Sd6fcF1WVM', false);
INSERT INTO Platform_User (email, username, password, is_admin) VALUES ('gdraper2k@dion.ne.jp', 'ksoares2k', 'DOaNnYw', false);
INSERT INTO Platform_User (email, username, password, is_admin) VALUES ('lkees2l@hatena.ne.jp', 'vchrisp2l', 'UtENDC', false);
INSERT INTO Platform_User (email, username, password, is_admin) VALUES ('fhaines2m@zimbio.com', 'ehaukey2m', 's9KEdw', false);
INSERT INTO Platform_User (email, username, password, is_admin) VALUES ('fwhicher2n@oracle.com', 'lmaberley2n', 'Rk1MCAsFXpjp', false);
INSERT INTO Platform_User (email, username, password, is_admin) VALUES ('lkingswell2o@mashable.com', 'csmurthwaite2o', 'OKBjwPza6pT', false);
INSERT INTO Platform_User (email, username, password, is_admin) VALUES ('apiggrem2p@hhs.gov', 'etompkinson2p', 'UUgSSPW2nuO', false);
INSERT INTO Platform_User (email, username, password, is_admin) VALUES ('kstoller2q@qq.com', 'svasentsov2q', 'CSg95x7', false);
INSERT INTO Platform_User (email, username, password, is_admin) VALUES ('anoriega2r@yale.edu', 'cashmole2r', 'lnvhHH7IvAZ', false);

/*      Create (other) Participants     */
INSERT INTO Participant (participant_id, postal_code, region, registered) VALUES (11, 3722, 1, '2022-06-20 11:51:57');
INSERT INTO Participant (participant_id, postal_code, region, registered) VALUES (12, 8262, 7, '2022-12-23 19:59:16');
INSERT INTO Participant (participant_id, postal_code, region, registered) VALUES (13, 4082, 8, '2022-10-07 21:10:21');
INSERT INTO Participant (participant_id, postal_code, region, registered) VALUES (14, 8732, 1, '2022-11-29 08:30:00');
INSERT INTO Participant (participant_id, postal_code, region, registered) VALUES (15, 3322, 3, '2022-10-04 15:07:50');
INSERT INTO Participant (participant_id, postal_code, region, registered) VALUES (16, 4812, 0, '2023-04-02 13:13:31');
INSERT INTO Participant (participant_id, postal_code, region, registered) VALUES (17, 3552, 7, '2022-08-29 14:01:02');
INSERT INTO Participant (participant_id, postal_code, region, registered) VALUES (18, 5602, 2, '2023-06-01 15:14:56');
INSERT INTO Participant (participant_id, postal_code, region, registered) VALUES (19, 8352, 0, '2023-01-11 06:52:04');
INSERT INTO Participant (participant_id, postal_code, region, registered) VALUES (20, 3592, 3, '2022-12-24 01:35:29');
INSERT INTO Participant (participant_id, postal_code, region, registered) VALUES (21, 6075, 3, '2022-11-05 06:51:11');
INSERT INTO Participant (participant_id, postal_code, region, registered) VALUES (22, 6220, 2, '2022-09-16 01:29:31');
INSERT INTO Participant (participant_id, postal_code, region, registered) VALUES (23, 4901, 2, '2022-09-28 14:18:24');
INSERT INTO Participant (participant_id, postal_code, region, registered) VALUES (24, 2332, 0, '2023-01-01 13:53:22');
INSERT INTO Participant (participant_id, postal_code, region, registered) VALUES (25, 7052, 0, '2023-05-28 06:46:08');
INSERT INTO Participant (participant_id, postal_code, region, registered) VALUES (26, 6363, 1, '2023-03-22 14:03:58');
INSERT INTO Participant (participant_id, postal_code, region, registered) VALUES (27, 3371, 5, '2023-02-19 20:17:48');
INSERT INTO Participant (participant_id, postal_code, region, registered) VALUES (28, 4221, 4, '2023-01-19 11:55:47');
INSERT INTO Participant (participant_id, postal_code, region, registered) VALUES (29, 7572, 5, '2023-01-25 18:52:16');
INSERT INTO Participant (participant_id, postal_code, region, registered) VALUES (30, 2275, 5, '2022-08-18 02:44:33');
INSERT INTO Participant (participant_id, postal_code, region, registered) VALUES (31, 5110, 5, '2022-10-31 20:20:39');
INSERT INTO Participant (participant_id, postal_code, region, registered) VALUES (32, 2202, 2, '2022-09-18 11:07:15');
INSERT INTO Participant (participant_id, postal_code, region, registered) VALUES (33, 8523, 3, '2022-06-22 09:46:04');
INSERT INTO Participant (participant_id, postal_code, region, registered) VALUES (34, 8160, 5, '2023-05-21 21:11:22');
INSERT INTO Participant (participant_id, postal_code, region, registered) VALUES (35, 6113, 1, '2023-01-14 03:21:22');
INSERT INTO Participant (participant_id, postal_code, region, registered) VALUES (36, 6700, 2, '2023-02-05 19:58:01');
INSERT INTO Participant (participant_id, postal_code, region, registered) VALUES (37, 4204, 2, '2023-02-01 15:31:59');
INSERT INTO Participant (participant_id, postal_code, region, registered) VALUES (38, 8733, 4, '2022-12-01 03:40:55');
INSERT INTO Participant (participant_id, postal_code, region, registered) VALUES (39, 5142, 8, '2022-09-26 15:38:21');
INSERT INTO Participant (participant_id, postal_code, region, registered) VALUES (40, 2732, 4, '2022-12-29 02:25:16');
INSERT INTO Participant (participant_id, postal_code, region, registered) VALUES (41, 2381, 0, '2023-03-25 16:04:56');
INSERT INTO Participant (participant_id, postal_code, region, registered) VALUES (42, 3171, 8, '2023-05-29 10:35:43');
INSERT INTO Participant (participant_id, postal_code, region, registered) VALUES (43, 6645, 3, '2022-06-23 05:23:49');
INSERT INTO Participant (participant_id, postal_code, region, registered) VALUES (44, 4160, 6, '2023-04-11 07:17:51');
INSERT INTO Participant (participant_id, postal_code, region, registered) VALUES (45, 4723, 0, '2022-08-09 04:11:23');
INSERT INTO Participant (participant_id, postal_code, region, registered) VALUES (46, 4650, 5, '2022-09-17 14:32:11');
INSERT INTO Participant (participant_id, postal_code, region, registered) VALUES (47, 8455, 1, '2022-07-21 15:53:59');
INSERT INTO Participant (participant_id, postal_code, region, registered) VALUES (48, 4562, 8, '2022-06-24 23:29:52');
INSERT INTO Participant (participant_id, postal_code, region, registered) VALUES (49, 8584, 6, '2022-11-06 11:53:52');
INSERT INTO Participant (participant_id, postal_code, region, registered) VALUES (50, 2601, 0, '2023-02-25 18:24:34');
INSERT INTO Participant (participant_id, postal_code, region, registered) VALUES (51, 9113, 0, '2023-02-05 15:46:11');
INSERT INTO Participant (participant_id, postal_code, region, registered) VALUES (52, 4204, 4, '2022-07-03 01:23:15');
INSERT INTO Participant (participant_id, postal_code, region, registered) VALUES (53, 6524, 3, '2023-03-30 04:18:25');
INSERT INTO Participant (participant_id, postal_code, region, registered) VALUES (54, 1080, 6, '2023-03-23 20:27:19');
INSERT INTO Participant (participant_id, postal_code, region, registered) VALUES (55, 4540, 0, '2023-02-27 23:32:01');
INSERT INTO Participant (participant_id, postal_code, region, registered) VALUES (56, 4893, 1, '2023-04-23 00:10:09');
INSERT INTO Participant (participant_id, postal_code, region, registered) VALUES (57, 7423, 8, '2023-06-03 11:11:06');
INSERT INTO Participant (participant_id, postal_code, region, registered) VALUES (58, 2872, 6, '2022-11-17 23:45:55');
INSERT INTO Participant (participant_id, postal_code, region, registered) VALUES (59, 3572, 5, '2022-08-18 14:09:42');
INSERT INTO Participant (participant_id, postal_code, region, registered) VALUES (60, 5524, 4, '2022-11-30 06:42:02');
INSERT INTO Participant (participant_id, postal_code, region, registered) VALUES (61, 8552, 8, '2023-05-17 11:56:13');
INSERT INTO Participant (participant_id, postal_code, region, registered) VALUES (62, 6278, 3, '2022-07-12 00:04:33');
INSERT INTO Participant (participant_id, postal_code, region, registered) VALUES (63, 4690, 2, '2022-06-27 10:58:22');
INSERT INTO Participant (participant_id, postal_code, region, registered) VALUES (64, 4633, 8, '2022-10-20 15:34:16');
INSERT INTO Participant (participant_id, postal_code, region, registered) VALUES (65, 5360, 6, '2023-04-05 22:54:23');
INSERT INTO Participant (participant_id, postal_code, region, registered) VALUES (66, 7062, 2, '2023-06-05 18:34:35');
INSERT INTO Participant (participant_id, postal_code, region, registered) VALUES (67, 4786, 3, '2022-07-17 21:38:10');
INSERT INTO Participant (participant_id, postal_code, region, registered) VALUES (68, 4785, 0, '2022-06-25 10:08:32');
INSERT INTO Participant (participant_id, postal_code, region, registered) VALUES (69, 8712, 6, '2023-03-16 09:14:41');
INSERT INTO Participant (participant_id, postal_code, region, registered) VALUES (70, 6921, 7, '2023-04-30 21:42:53');
INSERT INTO Participant (participant_id, postal_code, region, registered) VALUES (71, 4641, 2, '2022-11-28 07:00:28');
INSERT INTO Participant (participant_id, postal_code, region, registered) VALUES (72, 4793, 4, '2022-10-22 20:47:06');
INSERT INTO Participant (participant_id, postal_code, region, registered) VALUES (73, 8082, 6, '2022-07-13 02:57:54');
INSERT INTO Participant (participant_id, postal_code, region, registered) VALUES (74, 2770, 3, '2022-12-27 04:12:56');
INSERT INTO Participant (participant_id, postal_code, region, registered) VALUES (75, 8900, 5, '2023-05-31 06:59:48');
INSERT INTO Participant (participant_id, postal_code, region, registered) VALUES (76, 4840, 2, '2022-07-06 08:42:57');
INSERT INTO Participant (participant_id, postal_code, region, registered) VALUES (77, 6884, 4, '2022-08-12 01:39:05');
INSERT INTO Participant (participant_id, postal_code, region, registered) VALUES (78, 6370, 3, '2023-01-10 07:01:33');
INSERT INTO Participant (participant_id, postal_code, region, registered) VALUES (79, 3372, 8, '2023-06-08 04:29:16');
INSERT INTO Participant (participant_id, postal_code, region, registered) VALUES (80, 3222, 3, '2023-03-30 07:49:47');
INSERT INTO Participant (participant_id, postal_code, region, registered) VALUES (81, 4926, 1, '2022-08-31 22:01:47');
INSERT INTO Participant (participant_id, postal_code, region, registered) VALUES (82, 8424, 2, '2022-12-21 07:57:49');
INSERT INTO Participant (participant_id, postal_code, region, registered) VALUES (83, 4710, 0, '2022-08-08 17:53:39');
INSERT INTO Participant (participant_id, postal_code, region, registered) VALUES (84, 3361, 3, '2022-07-14 03:43:10');
INSERT INTO Participant (participant_id, postal_code, region, registered) VALUES (85, 2514, 0, '2022-09-05 05:49:37');
INSERT INTO Participant (participant_id, postal_code, region, registered) VALUES (86, 6610, 4, '2022-08-18 23:52:00');
INSERT INTO Participant (participant_id, postal_code, region, registered) VALUES (87, 8111, 6, '2023-06-07 07:25:53');
INSERT INTO Participant (participant_id, postal_code, region, registered) VALUES (88, 8774, 2, '2022-08-07 20:47:58');
INSERT INTO Participant (participant_id, postal_code, region, registered) VALUES (89, 3270, 1, '2022-07-04 14:11:00');
INSERT INTO Participant (participant_id, postal_code, region, registered) VALUES (90, 4872, 2, '2022-09-22 12:02:25');
INSERT INTO Participant (participant_id, postal_code, region, registered) VALUES (91, 3372, 7, '2022-08-06 04:39:57');
INSERT INTO Participant (participant_id, postal_code, region, registered) VALUES (92, 9943, 7, '2022-12-25 16:37:30');
INSERT INTO Participant (participant_id, postal_code, region, registered) VALUES (93, 6471, 8, '2023-02-19 17:31:47');
INSERT INTO Participant (participant_id, postal_code, region, registered) VALUES (94, 8295, 1, '2022-07-18 07:40:57');
INSERT INTO Participant (participant_id, postal_code, region, registered) VALUES (95, 8712, 7, '2023-05-07 08:06:20');
INSERT INTO Participant (participant_id, postal_code, region, registered) VALUES (96, 3972, 1, '2022-11-12 23:09:06');
INSERT INTO Participant (participant_id, postal_code, region, registered) VALUES (97, 8831, 3, '2022-08-08 00:29:33');
INSERT INTO Participant (participant_id, postal_code, region, registered) VALUES (98, 2464, 1, '2022-10-19 05:21:35');
INSERT INTO Participant (participant_id, postal_code, region, registered) VALUES (99, 4622, 6, '2023-01-14 03:34:10');
INSERT INTO Participant (participant_id, postal_code, region, registered) VALUES (100, 2122, 7, '2022-11-19 12:22:43');
/*      Create League-Participant entries       */
INSERT INTO League_Participants (leagues_id, participants_participant_id) VALUES (9, 7);
INSERT INTO League_Participants (leagues_id, participants_participant_id) VALUES (1, 8);
INSERT INTO League_Participants (leagues_id, participants_participant_id) VALUES (8, 9);
INSERT INTO League_Participants (leagues_id, participants_participant_id) VALUES (6, 10);
INSERT INTO League_Participants (leagues_id, participants_participant_id) VALUES (6, 11);
INSERT INTO League_Participants (leagues_id, participants_participant_id) VALUES (4, 12);
INSERT INTO League_Participants (leagues_id, participants_participant_id) VALUES (9, 13);
INSERT INTO League_Participants (leagues_id, participants_participant_id) VALUES (4, 14);
INSERT INTO League_Participants (leagues_id, participants_participant_id) VALUES (4, 15);
INSERT INTO League_Participants (leagues_id, participants_participant_id) VALUES (3, 16);
INSERT INTO League_Participants (leagues_id, participants_participant_id) VALUES (2, 17);
INSERT INTO League_Participants (leagues_id, participants_participant_id) VALUES (2, 18);
INSERT INTO League_Participants (leagues_id, participants_participant_id) VALUES (3, 19);
INSERT INTO League_Participants (leagues_id, participants_participant_id) VALUES (2, 20);
INSERT INTO League_Participants (leagues_id, participants_participant_id) VALUES (2, 21);
INSERT INTO League_Participants (leagues_id, participants_participant_id) VALUES (4, 22);
INSERT INTO League_Participants (leagues_id, participants_participant_id) VALUES (9, 23);
INSERT INTO League_Participants (leagues_id, participants_participant_id) VALUES (2, 24);
INSERT INTO League_Participants (leagues_id, participants_participant_id) VALUES (1, 25);
INSERT INTO League_Participants (leagues_id, participants_participant_id) VALUES (3, 26);
INSERT INTO League_Participants (leagues_id, participants_participant_id) VALUES (9, 27);
INSERT INTO League_Participants (leagues_id, participants_participant_id) VALUES (3, 28);
INSERT INTO League_Participants (leagues_id, participants_participant_id) VALUES (5, 29);
INSERT INTO League_Participants (leagues_id, participants_participant_id) VALUES (3, 30);
INSERT INTO League_Participants (leagues_id, participants_participant_id) VALUES (7, 31);
INSERT INTO League_Participants (leagues_id, participants_participant_id) VALUES (4, 32);
INSERT INTO League_Participants (leagues_id, participants_participant_id) VALUES (2, 33);
INSERT INTO League_Participants (leagues_id, participants_participant_id) VALUES (1, 34);
INSERT INTO League_Participants (leagues_id, participants_participant_id) VALUES (1, 35);
INSERT INTO League_Participants (leagues_id, participants_participant_id) VALUES (3, 36);
INSERT INTO League_Participants (leagues_id, participants_participant_id) VALUES (1, 37);
INSERT INTO League_Participants (leagues_id, participants_participant_id) VALUES (4, 38);
INSERT INTO League_Participants (leagues_id, participants_participant_id) VALUES (8, 39);
INSERT INTO League_Participants (leagues_id, participants_participant_id) VALUES (1, 40);
INSERT INTO League_Participants (leagues_id, participants_participant_id) VALUES (4, 41);
INSERT INTO League_Participants (leagues_id, participants_participant_id) VALUES (8, 42);
INSERT INTO League_Participants (leagues_id, participants_participant_id) VALUES (8, 43);
INSERT INTO League_Participants (leagues_id, participants_participant_id) VALUES (2, 44);
INSERT INTO League_Participants (leagues_id, participants_participant_id) VALUES (3, 45);
INSERT INTO League_Participants (leagues_id, participants_participant_id) VALUES (5, 46);
INSERT INTO League_Participants (leagues_id, participants_participant_id) VALUES (6, 47);
INSERT INTO League_Participants (leagues_id, participants_participant_id) VALUES (6, 48);
INSERT INTO League_Participants (leagues_id, participants_participant_id) VALUES (2, 49);
INSERT INTO League_Participants (leagues_id, participants_participant_id) VALUES (1, 50);
INSERT INTO League_Participants (leagues_id, participants_participant_id) VALUES (1, 51);
INSERT INTO League_Participants (leagues_id, participants_participant_id) VALUES (6, 52);
INSERT INTO League_Participants (leagues_id, participants_participant_id) VALUES (6, 53);
INSERT INTO League_Participants (leagues_id, participants_participant_id) VALUES (9, 54);
INSERT INTO League_Participants (leagues_id, participants_participant_id) VALUES (2, 55);
INSERT INTO League_Participants (leagues_id, participants_participant_id) VALUES (2, 56);
INSERT INTO League_Participants (leagues_id, participants_participant_id) VALUES (7, 57);
INSERT INTO League_Participants (leagues_id, participants_participant_id) VALUES (4, 58);
INSERT INTO League_Participants (leagues_id, participants_participant_id) VALUES (9, 59);
INSERT INTO League_Participants (leagues_id, participants_participant_id) VALUES (9, 60);
INSERT INTO League_Participants (leagues_id, participants_participant_id) VALUES (5, 61);
INSERT INTO League_Participants (leagues_id, participants_participant_id) VALUES (5, 62);
INSERT INTO League_Participants (leagues_id, participants_participant_id) VALUES (2, 63);
INSERT INTO League_Participants (leagues_id, participants_participant_id) VALUES (1, 64);
INSERT INTO League_Participants (leagues_id, participants_participant_id) VALUES (8, 65);
INSERT INTO League_Participants (leagues_id, participants_participant_id) VALUES (7, 66);
INSERT INTO League_Participants (leagues_id, participants_participant_id) VALUES (7, 67);
INSERT INTO League_Participants (leagues_id, participants_participant_id) VALUES (4, 68);
INSERT INTO League_Participants (leagues_id, participants_participant_id) VALUES (8, 69);
INSERT INTO League_Participants (leagues_id, participants_participant_id) VALUES (5, 70);
INSERT INTO League_Participants (leagues_id, participants_participant_id) VALUES (6, 71);
INSERT INTO League_Participants (leagues_id, participants_participant_id) VALUES (1, 72);
INSERT INTO League_Participants (leagues_id, participants_participant_id) VALUES (8, 73);
INSERT INTO League_Participants (leagues_id, participants_participant_id) VALUES (2, 74);
INSERT INTO League_Participants (leagues_id, participants_participant_id) VALUES (3, 75);
INSERT INTO League_Participants (leagues_id, participants_participant_id) VALUES (5, 76);
INSERT INTO League_Participants (leagues_id, participants_participant_id) VALUES (9, 77);
INSERT INTO League_Participants (leagues_id, participants_participant_id) VALUES (9, 78);
INSERT INTO League_Participants (leagues_id, participants_participant_id) VALUES (6, 79);
INSERT INTO League_Participants (leagues_id, participants_participant_id) VALUES (2, 80);
INSERT INTO League_Participants (leagues_id, participants_participant_id) VALUES (5, 81);
INSERT INTO League_Participants (leagues_id, participants_participant_id) VALUES (7, 82);
INSERT INTO League_Participants (leagues_id, participants_participant_id) VALUES (9, 83);
INSERT INTO League_Participants (leagues_id, participants_participant_id) VALUES (6, 84);
INSERT INTO League_Participants (leagues_id, participants_participant_id) VALUES (1, 85);
INSERT INTO League_Participants (leagues_id, participants_participant_id) VALUES (2, 86);
INSERT INTO League_Participants (leagues_id, participants_participant_id) VALUES (2, 87);
INSERT INTO League_Participants (leagues_id, participants_participant_id) VALUES (5, 88);
INSERT INTO League_Participants (leagues_id, participants_participant_id) VALUES (7, 89);
INSERT INTO League_Participants (leagues_id, participants_participant_id) VALUES (4, 90);
INSERT INTO League_Participants (leagues_id, participants_participant_id) VALUES (2, 91);
INSERT INTO League_Participants (leagues_id, participants_participant_id) VALUES (9, 92);
INSERT INTO League_Participants (leagues_id, participants_participant_id) VALUES (3, 93);
INSERT INTO League_Participants (leagues_id, participants_participant_id) VALUES (9, 94);
INSERT INTO League_Participants (leagues_id, participants_participant_id) VALUES (4, 95);
INSERT INTO League_Participants (leagues_id, participants_participant_id) VALUES (2, 96);
INSERT INTO League_Participants (leagues_id, participants_participant_id) VALUES (2, 97);
INSERT INTO League_Participants (leagues_id, participants_participant_id) VALUES (7, 98);
INSERT INTO League_Participants (leagues_id, participants_participant_id) VALUES (8, 99);
INSERT INTO League_Participants (leagues_id, participants_participant_id) VALUES (5, 100);

/*      Create Upvotes      */
INSERT INTO Participant_Submission_Vote (submission_id, participant_participant_id, is_upvote) VALUES (1, 8, true);
INSERT INTO Participant_Submission_Vote (submission_id, participant_participant_id, is_upvote) VALUES (1, 25, true);
INSERT INTO Participant_Submission_Vote (submission_id, participant_participant_id, is_upvote) VALUES (1, 34, false);
