/*      Create (other) Platform_Users        */
INSERT INTO Platform_User (id, email, username, password, is_admin) VALUES (11, 'manthama@sina.com.cn', 'njankiewicza', 'WNByQlZb0', false);
INSERT INTO Platform_User (id, email, username, password, is_admin) VALUES (12, 'mvamplusb@usa.gov', 'mtresvinab', 'DGeMBS2jwmPz', false);
INSERT INTO Platform_User (id, email, username, password, is_admin) VALUES (13, 'cclevelandc@engadget.com', 'bwhorltonc', 'bMtj8G', false);
INSERT INTO Platform_User (id, email, username, password, is_admin) VALUES (14, 'mdecortd@soundcloud.com', 'ctoursd', 'nUyPdA', false);
INSERT INTO Platform_User (id, email, username, password, is_admin) VALUES (15, 'tchristole@nationalgeographic.com', 'wkeppe', 'kIycAEK', false);
INSERT INTO Platform_User (id, email, username, password, is_admin) VALUES (16, 'ttennantf@vinaora.com', 'lphilipartf', 'c4iqtq', false);
INSERT INTO Platform_User (id, email, username, password, is_admin) VALUES (17, 'bmordyg@csmonitor.com', 'ghafnerg', 'PJrXrzL', false);
INSERT INTO Platform_User (id, email, username, password, is_admin) VALUES (18, 'galltimesh@merriam-webster.com', 'akelsonh', '5UqasU07', false);
INSERT INTO Platform_User (id, email, username, password, is_admin) VALUES (19, 'jcruddasi@issuu.com', 'loheaneyi', 'wLxW7Orhw', false);
INSERT INTO Platform_User (id, email, username, password, is_admin) VALUES (20, 'rpickthallj@tamu.edu', 'hhearnahj', 'NEd8cgrvaB4', false);
INSERT INTO Platform_User (id, email, username, password, is_admin) VALUES (21, 'cbalesk@gov.uk', 'asandk', 'pxnthmLkD', false);
INSERT INTO Platform_User (id, email, username, password, is_admin) VALUES (22, 'mtrumperl@moonfruit.com', 'tcyphusl', 'yfkIwYvSv', false);
INSERT INTO Platform_User (id, email, username, password, is_admin) VALUES (23, 'lluetym@blogs.com', 'jleadbeatterm', 'egnplRcL2AXk', false);
INSERT INTO Platform_User (id, email, username, password, is_admin) VALUES (24, 'causiellon@cocolog-nifty.com', 'ithulbornn', 'HgxacQIthP', false);
INSERT INTO Platform_User (id, email, username, password, is_admin) VALUES (25, 'bshillso@thetimes.co.uk', 'dmaevelao', '0KYHIrw', false);
INSERT INTO Platform_User (id, email, username, password, is_admin) VALUES (26, 'ballstonp@macromedia.com', 'tcastelowp', 'NGUVf182BdS', false);
INSERT INTO Platform_User (id, email, username, password, is_admin) VALUES (27, 'blougheedq@time.com', 'bmacaskieq', 'ozxEIwdxnO7', false);
INSERT INTO Platform_User (id, email, username, password, is_admin) VALUES (28, 'ohaggatar@nbcnews.com', 'maxbyr', 'FlO6ZLR3fNm', false);
INSERT INTO Platform_User (id, email, username, password, is_admin) VALUES (29, 'htoffanellis@whitehouse.gov', 'aferrarinis', 'DMiAUjAjN3', false);
INSERT INTO Platform_User (id, email, username, password, is_admin) VALUES (30, 'mmallordt@pcworld.com', 'jkiggelt', '3IHtUHik8R', false);
INSERT INTO Platform_User (id, email, username, password, is_admin) VALUES (31, 'gcrepinu@xing.com', 'ssowerbuttsu', '1FiF81bB4j', false);
INSERT INTO Platform_User (id, email, username, password, is_admin) VALUES (32, 'nglowaczv@freewebs.com', 'bmesshamv', 'tvnTudBN', false);
INSERT INTO Platform_User (id, email, username, password, is_admin) VALUES (33, 'smessrutherw@disqus.com', 'acragheadw', '2PBUiU', false);
INSERT INTO Platform_User (id, email, username, password, is_admin) VALUES (34, 'mtoyerx@miitbeian.gov.cn', 'belgiex', 'jg6wWSePOZCp', false);
INSERT INTO Platform_User (id, email, username, password, is_admin) VALUES (35, 'kreesony@sourceforge.net', 'sabely', 'MkP3jM', false);
INSERT INTO Platform_User (id, email, username, password, is_admin) VALUES (36, 'pbeedlez@uiuc.edu', 'ogrinstedz', 'EMntgzOYA', false);
INSERT INTO Platform_User (id, email, username, password, is_admin) VALUES (37, 'btreleven10@booking.com', 'cbyrkmyr10', 'ykalHQ7LM', false);
INSERT INTO Platform_User (id, email, username, password, is_admin) VALUES (38, 'hklambt11@etsy.com', 'kdone11', 'c45ChDfcfmyy', false);
INSERT INTO Platform_User (id, email, username, password, is_admin) VALUES (39, 'rjacobbe12@is.gd', 'shallowes12', 'v9tpxNiO6M', false);
INSERT INTO Platform_User (id, email, username, password, is_admin) VALUES (40, 'rstancer13@xrea.com', 'kjeffryes13', 'h3Susil60XKn', false);
INSERT INTO Platform_User (id, email, username, password, is_admin) VALUES (41, 'bcavee14@chron.com', 'mtilling14', 'akTWF99swa', false);
INSERT INTO Platform_User (id, email, username, password, is_admin) VALUES (42, 'gmccloud15@fema.gov', 'aatyea15', 'VYGeVXEvJA', false);
INSERT INTO Platform_User (id, email, username, password, is_admin) VALUES (43, 'agargett16@oakley.com', 'mwison16', 'Cu5y2Gin', false);
INSERT INTO Platform_User (id, email, username, password, is_admin) VALUES (44, 'zrobak17@purevolume.com', 'tlesaunier17', 'CYX7TfYA3Zc', false);
INSERT INTO Platform_User (id, email, username, password, is_admin) VALUES (45, 'dcawley18@cafepress.com', 'rrehme18', 'wOxLwNSImY', false);
INSERT INTO Platform_User (id, email, username, password, is_admin) VALUES (46, 'ndanilenko19@ehow.com', 'ddrews19', '6HzmRdj', false);
INSERT INTO Platform_User (id, email, username, password, is_admin) VALUES (47, 'rbehneke1a@phoca.cz', 'sgipp1a', 'IuXOgxeUEyzt', false);
INSERT INTO Platform_User (id, email, username, password, is_admin) VALUES (48, 'bwalduck1b@shutterfly.com', 'rmulhall1b', 'UdS4IdlnK', false);
INSERT INTO Platform_User (id, email, username, password, is_admin) VALUES (49, 'jrehor1c@buzzfeed.com', 'cblaskett1c', 'wRCuFWFH', false);
INSERT INTO Platform_User (id, email, username, password, is_admin) VALUES (50, 'rbonn1d@businessweek.com', 'pmelley1d', '4yXwcwkJXW', false);
INSERT INTO Platform_User (id, email, username, password, is_admin) VALUES (51, 'rcherryholme1e@msn.com', 'glindhe1e', 'xSVmtp', false);
INSERT INTO Platform_User (id, email, username, password, is_admin) VALUES (52, 'bofford1f@surveymonkey.com', 'gelnor1f', 'Ke1lqN', false);
INSERT INTO Platform_User (id, email, username, password, is_admin) VALUES (53, 'rkennifick1g@usa.gov', 'fcourtman1g', 'aaIEiwIgoCwn', false);
INSERT INTO Platform_User (id, email, username, password, is_admin) VALUES (54, 'apointon1h@fda.gov', 'bmillwater1h', 'nBU26TMUihd', false);
INSERT INTO Platform_User (id, email, username, password, is_admin) VALUES (55, 'ecomfort1i@usatoday.com', 'dcraigmile1i', 'dHL5inA', false);
INSERT INTO Platform_User (id, email, username, password, is_admin) VALUES (56, 'gblueman1j@prlog.org', 'rkingswold1j', 'J65Z5vnvWRNh', false);
INSERT INTO Platform_User (id, email, username, password, is_admin) VALUES (57, 'sflieg1k@google.it', 'apuig1k', '8NW559', false);
INSERT INTO Platform_User (id, email, username, password, is_admin) VALUES (58, 'kparmer1l@delicious.com', 'bposner1l', 'gTWY77By9Kbt', false);
INSERT INTO Platform_User (id, email, username, password, is_admin) VALUES (59, 'kbispham1m@answers.com', 'dfaragan1m', 'wF2HyQb', false);
INSERT INTO Platform_User (id, email, username, password, is_admin) VALUES (60, 'kbrasse1n@cdc.gov', 'bupton1n', 'BizNh9ts', false);
INSERT INTO Platform_User (id, email, username, password, is_admin) VALUES (61, 'mtollerfield1o@skype.com', 'dkuhlmey1o', 'qken0h', false);
INSERT INTO Platform_User (id, email, username, password, is_admin) VALUES (62, 'jbygate1p@google.fr', 'cdelahunty1p', 'LArbjclk', false);
INSERT INTO Platform_User (id, email, username, password, is_admin) VALUES (63, 'eguy1q@exblog.jp', 'crollett1q', 'WnBBXkzCEGFL', false);
INSERT INTO Platform_User (id, email, username, password, is_admin) VALUES (64, 'ocorsar1r@google.ca', 'mcoldtart1r', 'cmU1Fb', false);
INSERT INTO Platform_User (id, email, username, password, is_admin) VALUES (65, 'qhelwig1s@msn.com', 'jesbrook1s', 'vglp3E', false);
INSERT INTO Platform_User (id, email, username, password, is_admin) VALUES (66, 'cvanderhoeven1t@craigslist.org', 'lmalling1t', '1qKFdth3uOk', false);
INSERT INTO Platform_User (id, email, username, password, is_admin) VALUES (67, 'gmounce1u@wordpress.org', 'msargeant1u', 'jru9z6ypc', false);
INSERT INTO Platform_User (id, email, username, password, is_admin) VALUES (68, 'jlermit1v@independent.co.uk', 'kbernardot1v', 'N6WviKdr', false);
INSERT INTO Platform_User (id, email, username, password, is_admin) VALUES (69, 'kgoldsbury1w@odnoklassniki.ru', 'gcuthbert1w', 'WayWi2lk', false);
INSERT INTO Platform_User (id, email, username, password, is_admin) VALUES (70, 'aboatswain1x@zdnet.com', 'rbarlow1x', 'Z5jcrRk3Llo', false);
INSERT INTO Platform_User (id, email, username, password, is_admin) VALUES (71, 'nrawsthorne1y@about.com', 'frobilart1y', 'uiLJqXMYV', false);
INSERT INTO Platform_User (id, email, username, password, is_admin) VALUES (72, 'ddeans1z@ucoz.com', 'nfri1z', '1nxp2lyw7UWt', false);
INSERT INTO Platform_User (id, email, username, password, is_admin) VALUES (73, 'cshuker20@tiny.cc', 'sedy20', '1YqinOM8ucJe', false);
INSERT INTO Platform_User (id, email, username, password, is_admin) VALUES (74, 'gstuddard21@scientificamerican.com', 'mdyball21', 'fCFP1th34AfD', false);
INSERT INTO Platform_User (id, email, username, password, is_admin) VALUES (75, 'lmeus22@mediafire.com', 'icowmeadow22', 's0nUHeFDeO', false);
INSERT INTO Platform_User (id, email, username, password, is_admin) VALUES (76, 'wbrik23@sogou.com', 'fmcgirl23', 'ulM42b', false);
INSERT INTO Platform_User (id, email, username, password, is_admin) VALUES (77, 'gshadrack24@networkadvertising.org', 'aroja24', 'f1TVM5vNS', false);
INSERT INTO Platform_User (id, email, username, password, is_admin) VALUES (78, 'pmackegg25@sourceforge.net', 'wnunn25', 'WVhEKIdkjV', false);
INSERT INTO Platform_User (id, email, username, password, is_admin) VALUES (79, 'acosbey26@scribd.com', 'morred26', 'f1b4Gb', false);
INSERT INTO Platform_User (id, email, username, password, is_admin) VALUES (80, 'bfenney27@weather.com', 'dveracruysse27', 'rDQL5b63W', false);
INSERT INTO Platform_User (id, email, username, password, is_admin) VALUES (81, 'sremer28@tinypic.com', 'mstearley28', 'HJSoZg8fmY', false);
INSERT INTO Platform_User (id, email, username, password, is_admin) VALUES (82, 'cwrettum29@technorati.com', 'lteenan29', 'sBGYdL9', false);
INSERT INTO Platform_User (id, email, username, password, is_admin) VALUES (83, 'tbuckell2a@time.com', 'mtamlett2a', 'apKQgX', false);
INSERT INTO Platform_User (id, email, username, password, is_admin) VALUES (84, 'emenloe2b@google.com.hk', 'lmechem2b', '1FP3C7', false);
INSERT INTO Platform_User (id, email, username, password, is_admin) VALUES (85, 'gmacveigh2c@google.de', 'gbirdsey2c', 'yAWK9aC', false);
INSERT INTO Platform_User (id, email, username, password, is_admin) VALUES (86, 'iandryushchenko2d@un.org', 'kheal2d', 'IUwAORUvo', false);
INSERT INTO Platform_User (id, email, username, password, is_admin) VALUES (87, 'zmerrifield2e@plala.or.jp', 'sateridge2e', 'rG8txr4nL', false);
INSERT INTO Platform_User (id, email, username, password, is_admin) VALUES (88, 'jagate2f@craigslist.org', 'cmcquode2f', '4zjZP6rgRjru', false);
INSERT INTO Platform_User (id, email, username, password, is_admin) VALUES (89, 'rkadar2g@csmonitor.com', 'rcapener2g', 'lKXmnkcm5jVt', false);
INSERT INTO Platform_User (id, email, username, password, is_admin) VALUES (90, 'stest2h@google.es', 'zcallister2h', 'mFg6OWBwO6PT', false);
INSERT INTO Platform_User (id, email, username, password, is_admin) VALUES (91, 'cbloodworthe2i@meetup.com', 'lbemlott2i', 'SiavBGBXocj', false);
INSERT INTO Platform_User (id, email, username, password, is_admin) VALUES (92, 'cmortimer2j@archive.org', 'etivnan2j', 'Sd6fcF1WVM', false);
INSERT INTO Platform_User (id, email, username, password, is_admin) VALUES (93, 'gdraper2k@dion.ne.jp', 'ksoares2k', 'DOaNnYw', false);
INSERT INTO Platform_User (id, email, username, password, is_admin) VALUES (94, 'lkees2l@hatena.ne.jp', 'vchrisp2l', 'UtENDC', false);
INSERT INTO Platform_User (id, email, username, password, is_admin) VALUES (95, 'fhaines2m@zimbio.com', 'ehaukey2m', 's9KEdw', false);
INSERT INTO Platform_User (id, email, username, password, is_admin) VALUES (96, 'fwhicher2n@oracle.com', 'lmaberley2n', 'Rk1MCAsFXpjp', false);
INSERT INTO Platform_User (id, email, username, password, is_admin) VALUES (97, 'lkingswell2o@mashable.com', 'csmurthwaite2o', 'OKBjwPza6pT', false);
INSERT INTO Platform_User (id, email, username, password, is_admin) VALUES (98, 'apiggrem2p@hhs.gov', 'etompkinson2p', 'UUgSSPW2nuO', false);
INSERT INTO Platform_User (id, email, username, password, is_admin) VALUES (99, 'kstoller2q@qq.com', 'svasentsov2q', 'CSg95x7', false);
INSERT INTO Platform_User (id, email, username, password, is_admin) VALUES (100, 'anoriega2r@yale.edu', 'cashmole2r', 'lnvhHH7IvAZ', false);

/*      Create (other) Participants     */
INSERT INTO Participant (participant_id, postal_code, region, registered, wins) VALUES (11, 4482, 4, '2020-10-11 22:23:06', 26);
INSERT INTO Participant (participant_id, postal_code, region, registered, wins) VALUES (12, 2485, 6, '2020-07-20 16:06:19', 44);
INSERT INTO Participant (participant_id, postal_code, region, registered, wins) VALUES (13, 3550, 3, '2020-06-29 04:45:10', 84);
INSERT INTO Participant (participant_id, postal_code, region, registered, wins) VALUES (14, 6845, 6, '2021-08-27 00:45:27', 87);
INSERT INTO Participant (participant_id, postal_code, region, registered, wins) VALUES (15, 5340, 8, '2023-04-07 01:44:07', 11);
INSERT INTO Participant (participant_id, postal_code, region, registered, wins) VALUES (16, 4845, 5, '2020-06-03 07:59:08', 12);
INSERT INTO Participant (participant_id, postal_code, region, registered, wins) VALUES (17, 9962, 4, '2022-07-11 10:48:37', 17);
INSERT INTO Participant (participant_id, postal_code, region, registered, wins) VALUES (18, 4211, 8, '2020-06-27 14:46:42', 45);
INSERT INTO Participant (participant_id, postal_code, region, registered, wins) VALUES (19, 7421, 4, '2021-02-09 07:24:56', 94);
INSERT INTO Participant (participant_id, postal_code, region, registered, wins) VALUES (20, 6923, 8, '2020-03-18 12:05:21', 61);
INSERT INTO Participant (participant_id, postal_code, region, registered, wins) VALUES (21, 9900, 4, '2021-04-17 11:43:49', 36);
INSERT INTO Participant (participant_id, postal_code, region, registered, wins) VALUES (22, 9632, 4, '2020-05-20 15:26:08', 95);
INSERT INTO Participant (participant_id, postal_code, region, registered, wins) VALUES (23, 8672, 7, '2021-02-23 06:33:30', 18);
INSERT INTO Participant (participant_id, postal_code, region, registered, wins) VALUES (24, 7041, 4, '2020-10-10 22:59:09', 11);
INSERT INTO Participant (participant_id, postal_code, region, registered, wins) VALUES (25, 8036, 3, '2021-12-29 17:41:42', 73);
INSERT INTO Participant (participant_id, postal_code, region, registered, wins) VALUES (26, 4851, 7, '2022-07-18 11:55:31', 12);
INSERT INTO Participant (participant_id, postal_code, region, registered, wins) VALUES (27, 6870, 3, '2022-04-24 05:19:21', 39);
INSERT INTO Participant (participant_id, postal_code, region, registered, wins) VALUES (28, 6870, 2, '2022-01-28 10:47:43', 82);
INSERT INTO Participant (participant_id, postal_code, region, registered, wins) VALUES (29, 2491, 7, '2020-09-24 13:03:18', 75);
INSERT INTO Participant (participant_id, postal_code, region, registered, wins) VALUES (30, 6112, 1, '2023-01-21 04:20:58', 47);
INSERT INTO Participant (participant_id, postal_code, region, registered, wins) VALUES (31, 9570, 4, '2022-11-26 13:19:10', 62);
INSERT INTO Participant (participant_id, postal_code, region, registered, wins) VALUES (32, 4829, 4, '2022-11-28 05:21:01', 1);
INSERT INTO Participant (participant_id, postal_code, region, registered, wins) VALUES (33, 5081, 0, '2022-11-05 15:36:05', 54);
INSERT INTO Participant (participant_id, postal_code, region, registered, wins) VALUES (34, 9907, 6, '2022-07-01 06:44:46', 56);
INSERT INTO Participant (participant_id, postal_code, region, registered, wins) VALUES (35, 9900, 7, '2020-02-18 09:06:00', 28);
INSERT INTO Participant (participant_id, postal_code, region, registered, wins) VALUES (36, 6402, 4, '2021-04-02 04:36:50', 89);
INSERT INTO Participant (participant_id, postal_code, region, registered, wins) VALUES (37, 7064, 0, '2022-05-16 05:21:26', 95);
INSERT INTO Participant (participant_id, postal_code, region, registered, wins) VALUES (38, 9710, 4, '2022-12-07 14:00:53', 7);
INSERT INTO Participant (participant_id, postal_code, region, registered, wins) VALUES (39, 2051, 2, '2022-10-20 15:31:27', 74);
INSERT INTO Participant (participant_id, postal_code, region, registered, wins) VALUES (40, 6020, 8, '2022-05-10 23:20:37', 86);
INSERT INTO Participant (participant_id, postal_code, region, registered, wins) VALUES (41, 5672, 3, '2022-11-06 15:21:48', 86);
INSERT INTO Participant (participant_id, postal_code, region, registered, wins) VALUES (42, 4817, 1, '2020-09-22 13:55:24', 47);
INSERT INTO Participant (participant_id, postal_code, region, registered, wins) VALUES (43, 2152, 8, '2022-09-20 16:40:09', 88);
INSERT INTO Participant (participant_id, postal_code, region, registered, wins) VALUES (44, 9932, 5, '2021-03-13 18:59:39', 22);
INSERT INTO Participant (participant_id, postal_code, region, registered, wins) VALUES (45, 2700, 5, '2021-03-15 10:30:14', 27);
INSERT INTO Participant (participant_id, postal_code, region, registered, wins) VALUES (46, 6173, 4, '2020-01-05 21:00:38', 56);
INSERT INTO Participant (participant_id, postal_code, region, registered, wins) VALUES (47, 1050, 0, '2022-01-09 08:24:47', 47);
INSERT INTO Participant (participant_id, postal_code, region, registered, wins) VALUES (48, 6410, 3, '2021-07-07 23:49:37', 83);
INSERT INTO Participant (participant_id, postal_code, region, registered, wins) VALUES (49, 7013, 7, '2022-12-21 08:09:41', 31);
INSERT INTO Participant (participant_id, postal_code, region, registered, wins) VALUES (50, 9811, 1, '2022-11-27 16:04:14', 3);
INSERT INTO Participant (participant_id, postal_code, region, registered, wins) VALUES (51, 1230, 7, '2021-07-30 05:52:14', 66);
INSERT INTO Participant (participant_id, postal_code, region, registered, wins) VALUES (52, 1070, 7, '2023-01-01 07:15:53', 8);
INSERT INTO Participant (participant_id, postal_code, region, registered, wins) VALUES (53, 5023, 5, '2020-01-02 06:53:33', 83);
INSERT INTO Participant (participant_id, postal_code, region, registered, wins) VALUES (54, 9918, 5, '2021-07-17 21:57:09', 11);
INSERT INTO Participant (participant_id, postal_code, region, registered, wins) VALUES (55, 2002, 5, '2022-12-07 06:11:17', 41);
INSERT INTO Participant (participant_id, postal_code, region, registered, wins) VALUES (56, 5061, 5, '2022-11-06 22:15:13', 51);
INSERT INTO Participant (participant_id, postal_code, region, registered, wins) VALUES (57, 6112, 3, '2022-12-27 03:10:52', 59);
INSERT INTO Participant (participant_id, postal_code, region, registered, wins) VALUES (58, 4854, 6, '2021-07-29 04:14:47', 34);
INSERT INTO Participant (participant_id, postal_code, region, registered, wins) VALUES (59, 2114, 3, '2021-04-05 10:35:17', 89);
INSERT INTO Participant (participant_id, postal_code, region, registered, wins) VALUES (60, 5743, 7, '2023-01-15 17:16:37', 33);
INSERT INTO Participant (participant_id, postal_code, region, registered, wins) VALUES (61, 9871, 3, '2020-02-02 16:18:31', 19);
INSERT INTO Participant (participant_id, postal_code, region, registered, wins) VALUES (62, 6402, 7, '2021-12-03 23:01:28', 50);
INSERT INTO Participant (participant_id, postal_code, region, registered, wins) VALUES (63, 7011, 8, '2021-07-08 05:38:24', 66);
INSERT INTO Participant (participant_id, postal_code, region, registered, wins) VALUES (64, 9991, 5, '2020-07-06 00:04:18', 69);
INSERT INTO Participant (participant_id, postal_code, region, registered, wins) VALUES (65, 9714, 5, '2021-07-25 02:00:25', 95);
INSERT INTO Participant (participant_id, postal_code, region, registered, wins) VALUES (66, 6883, 3, '2021-07-25 05:20:39', 83);
INSERT INTO Participant (participant_id, postal_code, region, registered, wins) VALUES (67, 6830, 1, '2021-02-07 00:59:38', 57);
INSERT INTO Participant (participant_id, postal_code, region, registered, wins) VALUES (68, 8020, 1, '2021-06-05 08:28:59', 37);
INSERT INTO Participant (participant_id, postal_code, region, registered, wins) VALUES (69, 2102, 4, '2020-09-04 14:18:08', 67);
INSERT INTO Participant (participant_id, postal_code, region, registered, wins) VALUES (70, 6867, 5, '2020-11-08 22:03:28', 24);
INSERT INTO Participant (participant_id, postal_code, region, registered, wins) VALUES (71, 5400, 2, '2020-08-01 02:23:17', 13);
INSERT INTO Participant (participant_id, postal_code, region, registered, wins) VALUES (72, 4824, 4, '2020-01-06 13:42:25', 91);
INSERT INTO Participant (participant_id, postal_code, region, registered, wins) VALUES (73, 4821, 7, '2021-08-05 08:01:47', 5);
INSERT INTO Participant (participant_id, postal_code, region, registered, wins) VALUES (74, 8041, 3, '2022-09-23 12:14:08', 86);
INSERT INTO Participant (participant_id, postal_code, region, registered, wins) VALUES (75, 5511, 1, '2022-04-02 07:33:34', 73);
INSERT INTO Participant (participant_id, postal_code, region, registered, wins) VALUES (76, 1040, 5, '2022-11-12 16:38:07', 77);
INSERT INTO Participant (participant_id, postal_code, region, registered, wins) VALUES (77, 4210, 6, '2020-11-25 02:25:57', 26);
INSERT INTO Participant (participant_id, postal_code, region, registered, wins) VALUES (78, 9918, 0, '2022-04-06 16:31:17', 58);
INSERT INTO Participant (participant_id, postal_code, region, registered, wins) VALUES (79, 9546, 2, '2022-04-17 12:34:25', 10);
INSERT INTO Participant (participant_id, postal_code, region, registered, wins) VALUES (80, 9323, 0, '2020-11-08 09:33:18', 40);
INSERT INTO Participant (participant_id, postal_code, region, registered, wins) VALUES (81, 8530, 6, '2022-10-24 18:34:47', 79);
INSERT INTO Participant (participant_id, postal_code, region, registered, wins) VALUES (82, 9832, 6, '2021-03-31 04:28:22', 38);
INSERT INTO Participant (participant_id, postal_code, region, registered, wins) VALUES (83, 7013, 6, '2021-06-24 07:09:17', 31);
INSERT INTO Participant (participant_id, postal_code, region, registered, wins) VALUES (84, 9972, 0, '2021-07-31 05:44:28', 88);
INSERT INTO Participant (participant_id, postal_code, region, registered, wins) VALUES (85, 6763, 7, '2020-03-01 15:13:55', 82);
INSERT INTO Participant (participant_id, postal_code, region, registered, wins) VALUES (86, 7013, 7, '2023-02-25 17:20:58', 28);
INSERT INTO Participant (participant_id, postal_code, region, registered, wins) VALUES (87, 1230, 2, '2021-05-07 03:19:16', 36);
INSERT INTO Participant (participant_id, postal_code, region, registered, wins) VALUES (88, 3340, 3, '2020-09-17 23:23:38', 48);
INSERT INTO Participant (participant_id, postal_code, region, registered, wins) VALUES (89, 9963, 3, '2022-02-11 11:20:58', 57);
INSERT INTO Participant (participant_id, postal_code, region, registered, wins) VALUES (90, 8010, 8, '2021-11-27 00:16:53', 90);
INSERT INTO Participant (participant_id, postal_code, region, registered, wins) VALUES (91, 8036, 0, '2021-07-18 21:41:35', 93);
INSERT INTO Participant (participant_id, postal_code, region, registered, wins) VALUES (92, 5753, 6, '2020-08-07 09:32:07', 46);
INSERT INTO Participant (participant_id, postal_code, region, registered, wins) VALUES (93, 2054, 8, '2022-04-02 16:27:18', 82);
INSERT INTO Participant (participant_id, postal_code, region, registered, wins) VALUES (94, 9782, 1, '2022-01-13 14:20:13', 95);
INSERT INTO Participant (participant_id, postal_code, region, registered, wins) VALUES (95, 9782, 8, '2022-11-29 16:38:02', 71);
INSERT INTO Participant (participant_id, postal_code, region, registered, wins) VALUES (96, 9952, 5, '2023-03-20 11:36:56', 10);
INSERT INTO Participant (participant_id, postal_code, region, registered, wins) VALUES (97, 5760, 8, '2021-09-05 20:12:33', 55);
INSERT INTO Participant (participant_id, postal_code, region, registered, wins) VALUES (98, 5222, 2, '2020-11-08 17:43:53', 76);
INSERT INTO Participant (participant_id, postal_code, region, registered, wins) VALUES (99, 9843, 5, '2020-08-06 09:55:41', 30);
INSERT INTO Participant (participant_id, postal_code, region, registered, wins) VALUES (100, 6764, 8, '2021-11-10 19:40:57', 84);

/*      Create League-Participant entries       */
INSERT INTO League_Participants (league_id, participants_participant_id) VALUES (9, 7);
INSERT INTO League_Participants (league_id, participants_participant_id) VALUES (1, 8);
INSERT INTO League_Participants (league_id, participants_participant_id) VALUES (8, 9);
INSERT INTO League_Participants (league_id, participants_participant_id) VALUES (6, 10);
INSERT INTO League_Participants (league_id, participants_participant_id) VALUES (6, 11);
INSERT INTO League_Participants (league_id, participants_participant_id) VALUES (4, 12);
INSERT INTO League_Participants (league_id, participants_participant_id) VALUES (9, 13);
INSERT INTO League_Participants (league_id, participants_participant_id) VALUES (4, 14);
INSERT INTO League_Participants (league_id, participants_participant_id) VALUES (4, 15);
INSERT INTO League_Participants (league_id, participants_participant_id) VALUES (3, 16);
INSERT INTO League_Participants (league_id, participants_participant_id) VALUES (2, 17);
INSERT INTO League_Participants (league_id, participants_participant_id) VALUES (2, 18);
INSERT INTO League_Participants (league_id, participants_participant_id) VALUES (3, 19);
INSERT INTO League_Participants (league_id, participants_participant_id) VALUES (2, 20);
INSERT INTO League_Participants (league_id, participants_participant_id) VALUES (2, 21);
INSERT INTO League_Participants (league_id, participants_participant_id) VALUES (4, 22);
INSERT INTO League_Participants (league_id, participants_participant_id) VALUES (9, 23);
INSERT INTO League_Participants (league_id, participants_participant_id) VALUES (2, 24);
INSERT INTO League_Participants (league_id, participants_participant_id) VALUES (1, 25);
INSERT INTO League_Participants (league_id, participants_participant_id) VALUES (3, 26);
INSERT INTO League_Participants (league_id, participants_participant_id) VALUES (9, 27);
INSERT INTO League_Participants (league_id, participants_participant_id) VALUES (3, 28);
INSERT INTO League_Participants (league_id, participants_participant_id) VALUES (5, 29);
INSERT INTO League_Participants (league_id, participants_participant_id) VALUES (3, 30);
INSERT INTO League_Participants (league_id, participants_participant_id) VALUES (7, 31);
INSERT INTO League_Participants (league_id, participants_participant_id) VALUES (4, 32);
INSERT INTO League_Participants (league_id, participants_participant_id) VALUES (2, 33);
INSERT INTO League_Participants (league_id, participants_participant_id) VALUES (1, 34);
INSERT INTO League_Participants (league_id, participants_participant_id) VALUES (1, 35);
INSERT INTO League_Participants (league_id, participants_participant_id) VALUES (3, 36);
INSERT INTO League_Participants (league_id, participants_participant_id) VALUES (1, 37);
INSERT INTO League_Participants (league_id, participants_participant_id) VALUES (4, 38);
INSERT INTO League_Participants (league_id, participants_participant_id) VALUES (8, 39);
INSERT INTO League_Participants (league_id, participants_participant_id) VALUES (1, 40);
INSERT INTO League_Participants (league_id, participants_participant_id) VALUES (4, 41);
INSERT INTO League_Participants (league_id, participants_participant_id) VALUES (8, 42);
INSERT INTO League_Participants (league_id, participants_participant_id) VALUES (8, 43);
INSERT INTO League_Participants (league_id, participants_participant_id) VALUES (2, 44);
INSERT INTO League_Participants (league_id, participants_participant_id) VALUES (3, 45);
INSERT INTO League_Participants (league_id, participants_participant_id) VALUES (5, 46);
INSERT INTO League_Participants (league_id, participants_participant_id) VALUES (6, 47);
INSERT INTO League_Participants (league_id, participants_participant_id) VALUES (6, 48);
INSERT INTO League_Participants (league_id, participants_participant_id) VALUES (2, 49);
INSERT INTO League_Participants (league_id, participants_participant_id) VALUES (1, 50);
INSERT INTO League_Participants (league_id, participants_participant_id) VALUES (1, 51);
INSERT INTO League_Participants (league_id, participants_participant_id) VALUES (6, 52);
INSERT INTO League_Participants (league_id, participants_participant_id) VALUES (6, 53);
INSERT INTO League_Participants (league_id, participants_participant_id) VALUES (9, 54);
INSERT INTO League_Participants (league_id, participants_participant_id) VALUES (2, 55);
INSERT INTO League_Participants (league_id, participants_participant_id) VALUES (2, 56);
INSERT INTO League_Participants (league_id, participants_participant_id) VALUES (7, 57);
INSERT INTO League_Participants (league_id, participants_participant_id) VALUES (4, 58);
INSERT INTO League_Participants (league_id, participants_participant_id) VALUES (9, 59);
INSERT INTO League_Participants (league_id, participants_participant_id) VALUES (9, 60);
INSERT INTO League_Participants (league_id, participants_participant_id) VALUES (5, 61);
INSERT INTO League_Participants (league_id, participants_participant_id) VALUES (5, 62);
INSERT INTO League_Participants (league_id, participants_participant_id) VALUES (2, 63);
INSERT INTO League_Participants (league_id, participants_participant_id) VALUES (1, 64);
INSERT INTO League_Participants (league_id, participants_participant_id) VALUES (8, 65);
INSERT INTO League_Participants (league_id, participants_participant_id) VALUES (7, 66);
INSERT INTO League_Participants (league_id, participants_participant_id) VALUES (7, 67);
INSERT INTO League_Participants (league_id, participants_participant_id) VALUES (4, 68);
INSERT INTO League_Participants (league_id, participants_participant_id) VALUES (8, 69);
INSERT INTO League_Participants (league_id, participants_participant_id) VALUES (5, 70);
INSERT INTO League_Participants (league_id, participants_participant_id) VALUES (6, 71);
INSERT INTO League_Participants (league_id, participants_participant_id) VALUES (1, 72);
INSERT INTO League_Participants (league_id, participants_participant_id) VALUES (8, 73);
INSERT INTO League_Participants (league_id, participants_participant_id) VALUES (2, 74);
INSERT INTO League_Participants (league_id, participants_participant_id) VALUES (3, 75);
INSERT INTO League_Participants (league_id, participants_participant_id) VALUES (5, 76);
INSERT INTO League_Participants (league_id, participants_participant_id) VALUES (9, 77);
INSERT INTO League_Participants (league_id, participants_participant_id) VALUES (9, 78);
INSERT INTO League_Participants (league_id, participants_participant_id) VALUES (6, 79);
INSERT INTO League_Participants (league_id, participants_participant_id) VALUES (2, 80);
INSERT INTO League_Participants (league_id, participants_participant_id) VALUES (5, 81);
INSERT INTO League_Participants (league_id, participants_participant_id) VALUES (7, 82);
INSERT INTO League_Participants (league_id, participants_participant_id) VALUES (9, 83);
INSERT INTO League_Participants (league_id, participants_participant_id) VALUES (6, 84);
INSERT INTO League_Participants (league_id, participants_participant_id) VALUES (1, 85);
INSERT INTO League_Participants (league_id, participants_participant_id) VALUES (2, 86);
INSERT INTO League_Participants (league_id, participants_participant_id) VALUES (2, 87);
INSERT INTO League_Participants (league_id, participants_participant_id) VALUES (5, 88);
INSERT INTO League_Participants (league_id, participants_participant_id) VALUES (7, 89);
INSERT INTO League_Participants (league_id, participants_participant_id) VALUES (4, 90);
INSERT INTO League_Participants (league_id, participants_participant_id) VALUES (2, 91);
INSERT INTO League_Participants (league_id, participants_participant_id) VALUES (9, 92);
INSERT INTO League_Participants (league_id, participants_participant_id) VALUES (3, 93);
INSERT INTO League_Participants (league_id, participants_participant_id) VALUES (9, 94);
INSERT INTO League_Participants (league_id, participants_participant_id) VALUES (4, 95);
INSERT INTO League_Participants (league_id, participants_participant_id) VALUES (2, 96);
INSERT INTO League_Participants (league_id, participants_participant_id) VALUES (2, 97);
INSERT INTO League_Participants (league_id, participants_participant_id) VALUES (7, 98);
INSERT INTO League_Participants (league_id, participants_participant_id) VALUES (8, 99);
INSERT INTO League_Participants (league_id, participants_participant_id) VALUES (5, 100);
